The system is: Linux - 6.8.0-47-generic - x86_64
Compiling the CXX compiler identification source file "CMakeCXXCompilerId.cpp" succeeded.
Compiler: /usr/bin/c++ 
Build flags: 
Id flags:  

The output was:
0


Compilation of the CXX compiler identification source "CMakeCXXCompilerId.cpp" produced "a.out"

The CXX compiler identification is GNU, found in "/home/captainnothing/OpenROAD/build/CMakeFiles/3.24.2/CompilerIdCXX/a.out"

Detecting CXX compiler ABI info compiled with the following output:
Change Dir: /home/captainnothing/OpenROAD/build/CMakeFiles/CMakeTmp

Run Build Command(s):/usr/bin/gmake -f Makefile cmTC_25c23/fast && /usr/bin/gmake  -f CMakeFiles/cmTC_25c23.dir/build.make CMakeFiles/cmTC_25c23.dir/build
gmake[1]: Entering directory '/home/captainnothing/OpenROAD/build/CMakeFiles/CMakeTmp'
Building CXX object CMakeFiles/cmTC_25c23.dir/CMakeCXXCompilerABI.cpp.o
/usr/bin/c++   -v -o CMakeFiles/cmTC_25c23.dir/CMakeCXXCompilerABI.cpp.o -c /usr/local/share/cmake-3.24/Modules/CMakeCXXCompilerABI.cpp
Using built-in specs.
COLLECT_GCC=/usr/bin/c++
OFFLOAD_TARGET_NAMES=nvptx-none:amdgcn-amdhsa
OFFLOAD_TARGET_DEFAULT=1
Target: x86_64-linux-gnu
Configured with: ../src/configure -v --with-pkgversion='Ubuntu 11.4.0-1ubuntu1~22.04' --with-bugurl=file:///usr/share/doc/gcc-11/README.Bugs --enable-languages=c,ada,c++,go,brig,d,fortran,objc,obj-c++,m2 --prefix=/usr --with-gcc-major-version-only --program-suffix=-11 --program-prefix=x86_64-linux-gnu- --enable-shared --enable-linker-build-id --libexecdir=/usr/lib --without-included-gettext --enable-threads=posix --libdir=/usr/lib --enable-nls --enable-bootstrap --enable-clocale=gnu --enable-libstdcxx-debug --enable-libstdcxx-time=yes --with-default-libstdcxx-abi=new --enable-gnu-unique-object --disable-vtable-verify --enable-plugin --enable-default-pie --with-system-zlib --enable-libphobos-checking=release --with-target-system-zlib=auto --enable-objc-gc=auto --enable-multiarch --disable-werror --enable-cet --with-arch-32=i686 --with-abi=m64 --with-multilib-list=m32,m64,mx32 --enable-multilib --with-tune=generic --enable-offload-targets=nvptx-none=/build/gcc-11-XeT9lY/gcc-11-11.4.0/debian/tmp-nvptx/usr,amdgcn-amdhsa=/build/gcc-11-XeT9lY/gcc-11-11.4.0/debian/tmp-gcn/usr --without-cuda-driver --enable-checking=release --build=x86_64-linux-gnu --host=x86_64-linux-gnu --target=x86_64-linux-gnu --with-build-config=bootstrap-lto-lean --enable-link-serialization=2
Thread model: posix
Supported LTO compression algorithms: zlib zstd
gcc version 11.4.0 (Ubuntu 11.4.0-1ubuntu1~22.04) 
COLLECT_GCC_OPTIONS='-v' '-o' 'CMakeFiles/cmTC_25c23.dir/CMakeCXXCompilerABI.cpp.o' '-c' '-shared-libgcc' '-mtune=generic' '-march=x86-64' '-dumpdir' 'CMakeFiles/cmTC_25c23.dir/'
 /usr/lib/gcc/x86_64-linux-gnu/11/cc1plus -quiet -v -imultiarch x86_64-linux-gnu -D_GNU_SOURCE /usr/local/share/cmake-3.24/Modules/CMakeCXXCompilerABI.cpp -quiet -dumpdir CMakeFiles/cmTC_25c23.dir/ -dumpbase CMakeCXXCompilerABI.cpp.cpp -dumpbase-ext .cpp -mtune=generic -march=x86-64 -version -fasynchronous-unwind-tables -fstack-protector-strong -Wformat -Wformat-security -fstack-clash-protection -fcf-protection -o /tmp/ccgWbozm.s
GNU C++17 (Ubuntu 11.4.0-1ubuntu1~22.04) version 11.4.0 (x86_64-linux-gnu)
	compiled by GNU C version 11.4.0, GMP version 6.2.1, MPFR version 4.1.0, MPC version 1.2.1, isl version isl-0.24-GMP

GGC heuristics: --param ggc-min-expand=100 --param ggc-min-heapsize=131072
ignoring duplicate directory "/usr/include/x86_64-linux-gnu/c++/11"
ignoring nonexistent directory "/usr/local/include/x86_64-linux-gnu"
ignoring nonexistent directory "/usr/lib/gcc/x86_64-linux-gnu/11/include-fixed"
ignoring nonexistent directory "/usr/lib/gcc/x86_64-linux-gnu/11/../../../../x86_64-linux-gnu/include"
#include "..." search starts here:
#include <...> search starts here:
 /usr/include/c++/11
 /usr/include/x86_64-linux-gnu/c++/11
 /usr/include/c++/11/backward
 /usr/lib/gcc/x86_64-linux-gnu/11/include
 /usr/local/include
 /usr/include/x86_64-linux-gnu
 /usr/include
End of search list.
GNU C++17 (Ubuntu 11.4.0-1ubuntu1~22.04) version 11.4.0 (x86_64-linux-gnu)
	compiled by GNU C version 11.4.0, GMP version 6.2.1, MPFR version 4.1.0, MPC version 1.2.1, isl version isl-0.24-GMP

GGC heuristics: --param ggc-min-expand=100 --param ggc-min-heapsize=131072
Compiler executable checksum: d591828bb4d392ae8b7b160e5bb0b95f
COLLECT_GCC_OPTIONS='-v' '-o' 'CMakeFiles/cmTC_25c23.dir/CMakeCXXCompilerABI.cpp.o' '-c' '-shared-libgcc' '-mtune=generic' '-march=x86-64' '-dumpdir' 'CMakeFiles/cmTC_25c23.dir/'
 as -v --64 -o CMakeFiles/cmTC_25c23.dir/CMakeCXXCompilerABI.cpp.o /tmp/ccgWbozm.s
GNU assembler version 2.38 (x86_64-linux-gnu) using BFD version (GNU Binutils for Ubuntu) 2.38
COMPILER_PATH=/usr/lib/gcc/x86_64-linux-gnu/11/:/usr/lib/gcc/x86_64-linux-gnu/11/:/usr/lib/gcc/x86_64-linux-gnu/:/usr/lib/gcc/x86_64-linux-gnu/11/:/usr/lib/gcc/x86_64-linux-gnu/
LIBRARY_PATH=/usr/lib/gcc/x86_64-linux-gnu/11/:/usr/lib/gcc/x86_64-linux-gnu/11/../../../x86_64-linux-gnu/:/usr/lib/gcc/x86_64-linux-gnu/11/../../../../lib/:/lib/x86_64-linux-gnu/:/lib/../lib/:/usr/lib/x86_64-linux-gnu/:/usr/lib/../lib/:/usr/lib/gcc/x86_64-linux-gnu/11/../../../:/lib/:/usr/lib/
COLLECT_GCC_OPTIONS='-v' '-o' 'CMakeFiles/cmTC_25c23.dir/CMakeCXXCompilerABI.cpp.o' '-c' '-shared-libgcc' '-mtune=generic' '-march=x86-64' '-dumpdir' 'CMakeFiles/cmTC_25c23.dir/CMakeCXXCompilerABI.cpp.'
Linking CXX executable cmTC_25c23
/usr/local/bin/cmake -E cmake_link_script CMakeFiles/cmTC_25c23.dir/link.txt --verbose=1
/usr/bin/c++  -v CMakeFiles/cmTC_25c23.dir/CMakeCXXCompilerABI.cpp.o -o cmTC_25c23 
Using built-in specs.
COLLECT_GCC=/usr/bin/c++
COLLECT_LTO_WRAPPER=/usr/lib/gcc/x86_64-linux-gnu/11/lto-wrapper
OFFLOAD_TARGET_NAMES=nvptx-none:amdgcn-amdhsa
OFFLOAD_TARGET_DEFAULT=1
Target: x86_64-linux-gnu
Configured with: ../src/configure -v --with-pkgversion='Ubuntu 11.4.0-1ubuntu1~22.04' --with-bugurl=file:///usr/share/doc/gcc-11/README.Bugs --enable-languages=c,ada,c++,go,brig,d,fortran,objc,obj-c++,m2 --prefix=/usr --with-gcc-major-version-only --program-suffix=-11 --program-prefix=x86_64-linux-gnu- --enable-shared --enable-linker-build-id --libexecdir=/usr/lib --without-included-gettext --enable-threads=posix --libdir=/usr/lib --enable-nls --enable-bootstrap --enable-clocale=gnu --enable-libstdcxx-debug --enable-libstdcxx-time=yes --with-default-libstdcxx-abi=new --enable-gnu-unique-object --disable-vtable-verify --enable-plugin --enable-default-pie --with-system-zlib --enable-libphobos-checking=release --with-target-system-zlib=auto --enable-objc-gc=auto --enable-multiarch --disable-werror --enable-cet --with-arch-32=i686 --with-abi=m64 --with-multilib-list=m32,m64,mx32 --enable-multilib --with-tune=generic --enable-offload-targets=nvptx-none=/build/gcc-11-XeT9lY/gcc-11-11.4.0/debian/tmp-nvptx/usr,amdgcn-amdhsa=/build/gcc-11-XeT9lY/gcc-11-11.4.0/debian/tmp-gcn/usr --without-cuda-driver --enable-checking=release --build=x86_64-linux-gnu --host=x86_64-linux-gnu --target=x86_64-linux-gnu --with-build-config=bootstrap-lto-lean --enable-link-serialization=2
Thread model: posix
Supported LTO compression algorithms: zlib zstd
gcc version 11.4.0 (Ubuntu 11.4.0-1ubuntu1~22.04) 
COMPILER_PATH=/usr/lib/gcc/x86_64-linux-gnu/11/:/usr/lib/gcc/x86_64-linux-gnu/11/:/usr/lib/gcc/x86_64-linux-gnu/:/usr/lib/gcc/x86_64-linux-gnu/11/:/usr/lib/gcc/x86_64-linux-gnu/
LIBRARY_PATH=/usr/lib/gcc/x86_64-linux-gnu/11/:/usr/lib/gcc/x86_64-linux-gnu/11/../../../x86_64-linux-gnu/:/usr/lib/gcc/x86_64-linux-gnu/11/../../../../lib/:/lib/x86_64-linux-gnu/:/lib/../lib/:/usr/lib/x86_64-linux-gnu/:/usr/lib/../lib/:/usr/lib/gcc/x86_64-linux-gnu/11/../../../:/lib/:/usr/lib/
COLLECT_GCC_OPTIONS='-v' '-o' 'cmTC_25c23' '-shared-libgcc' '-mtune=generic' '-march=x86-64' '-dumpdir' 'cmTC_25c23.'
 /usr/lib/gcc/x86_64-linux-gnu/11/collect2 -plugin /usr/lib/gcc/x86_64-linux-gnu/11/liblto_plugin.so -plugin-opt=/usr/lib/gcc/x86_64-linux-gnu/11/lto-wrapper -plugin-opt=-fresolution=/tmp/cc6ZVB5D.res -plugin-opt=-pass-through=-lgcc_s -plugin-opt=-pass-through=-lgcc -plugin-opt=-pass-through=-lc -plugin-opt=-pass-through=-lgcc_s -plugin-opt=-pass-through=-lgcc --build-id --eh-frame-hdr -m elf_x86_64 --hash-style=gnu --as-needed -dynamic-linker /lib64/ld-linux-x86-64.so.2 -pie -z now -z relro -o cmTC_25c23 /usr/lib/gcc/x86_64-linux-gnu/11/../../../x86_64-linux-gnu/Scrt1.o /usr/lib/gcc/x86_64-linux-gnu/11/../../../x86_64-linux-gnu/crti.o /usr/lib/gcc/x86_64-linux-gnu/11/crtbeginS.o -L/usr/lib/gcc/x86_64-linux-gnu/11 -L/usr/lib/gcc/x86_64-linux-gnu/11/../../../x86_64-linux-gnu -L/usr/lib/gcc/x86_64-linux-gnu/11/../../../../lib -L/lib/x86_64-linux-gnu -L/lib/../lib -L/usr/lib/x86_64-linux-gnu -L/usr/lib/../lib -L/usr/lib/gcc/x86_64-linux-gnu/11/../../.. CMakeFiles/cmTC_25c23.dir/CMakeCXXCompilerABI.cpp.o -lstdc++ -lm -lgcc_s -lgcc -lc -lgcc_s -lgcc /usr/lib/gcc/x86_64-linux-gnu/11/crtendS.o /usr/lib/gcc/x86_64-linux-gnu/11/../../../x86_64-linux-gnu/crtn.o
COLLECT_GCC_OPTIONS='-v' '-o' 'cmTC_25c23' '-shared-libgcc' '-mtune=generic' '-march=x86-64' '-dumpdir' 'cmTC_25c23.'
gmake[1]: Leaving directory '/home/captainnothing/OpenROAD/build/CMakeFiles/CMakeTmp'



Parsed CXX implicit include dir info from above output: rv=done
  found start of include info
  found start of implicit include info
    add: [/usr/include/c++/11]
    add: [/usr/include/x86_64-linux-gnu/c++/11]
    add: [/usr/include/c++/11/backward]
    add: [/usr/lib/gcc/x86_64-linux-gnu/11/include]
    add: [/usr/local/include]
    add: [/usr/include/x86_64-linux-gnu]
    add: [/usr/include]
  end of search list found
  collapse include dir [/usr/include/c++/11] ==> [/usr/include/c++/11]
  collapse include dir [/usr/include/x86_64-linux-gnu/c++/11] ==> [/usr/include/x86_64-linux-gnu/c++/11]
  collapse include dir [/usr/include/c++/11/backward] ==> [/usr/include/c++/11/backward]
  collapse include dir [/usr/lib/gcc/x86_64-linux-gnu/11/include] ==> [/usr/lib/gcc/x86_64-linux-gnu/11/include]
  collapse include dir [/usr/local/include] ==> [/usr/local/include]
  collapse include dir [/usr/include/x86_64-linux-gnu] ==> [/usr/include/x86_64-linux-gnu]
  collapse include dir [/usr/include] ==> [/usr/include]
  implicit include dirs: [/usr/include/c++/11;/usr/include/x86_64-linux-gnu/c++/11;/usr/include/c++/11/backward;/usr/lib/gcc/x86_64-linux-gnu/11/include;/usr/local/include;/usr/include/x86_64-linux-gnu;/usr/include]


Parsed CXX implicit link information from above output:
  link line regex: [^( *|.*[/\])(ld|CMAKE_LINK_STARTFILE-NOTFOUND|([^/\]+-)?ld|collect2)[^/\]*( |$)]
  ignore line: [Change Dir: /home/captainnothing/OpenROAD/build/CMakeFiles/CMakeTmp]
  ignore line: []
  ignore line: [Run Build Command(s):/usr/bin/gmake -f Makefile cmTC_25c23/fast && /usr/bin/gmake  -f CMakeFiles/cmTC_25c23.dir/build.make CMakeFiles/cmTC_25c23.dir/build]
  ignore line: [gmake[1]: Entering directory '/home/captainnothing/OpenROAD/build/CMakeFiles/CMakeTmp']
  ignore line: [Building CXX object CMakeFiles/cmTC_25c23.dir/CMakeCXXCompilerABI.cpp.o]
  ignore line: [/usr/bin/c++   -v -o CMakeFiles/cmTC_25c23.dir/CMakeCXXCompilerABI.cpp.o -c /usr/local/share/cmake-3.24/Modules/CMakeCXXCompilerABI.cpp]
  ignore line: [Using built-in specs.]
  ignore line: [COLLECT_GCC=/usr/bin/c++]
  ignore line: [OFFLOAD_TARGET_NAMES=nvptx-none:amdgcn-amdhsa]
  ignore line: [OFFLOAD_TARGET_DEFAULT=1]
  ignore line: [Target: x86_64-linux-gnu]
  ignore line: [Configured with: ../src/configure -v --with-pkgversion='Ubuntu 11.4.0-1ubuntu1~22.04' --with-bugurl=file:///usr/share/doc/gcc-11/README.Bugs --enable-languages=c ada c++ go brig d fortran objc obj-c++ m2 --prefix=/usr --with-gcc-major-version-only --program-suffix=-11 --program-prefix=x86_64-linux-gnu- --enable-shared --enable-linker-build-id --libexecdir=/usr/lib --without-included-gettext --enable-threads=posix --libdir=/usr/lib --enable-nls --enable-bootstrap --enable-clocale=gnu --enable-libstdcxx-debug --enable-libstdcxx-time=yes --with-default-libstdcxx-abi=new --enable-gnu-unique-object --disable-vtable-verify --enable-plugin --enable-default-pie --with-system-zlib --enable-libphobos-checking=release --with-target-system-zlib=auto --enable-objc-gc=auto --enable-multiarch --disable-werror --enable-cet --with-arch-32=i686 --with-abi=m64 --with-multilib-list=m32 m64 mx32 --enable-multilib --with-tune=generic --enable-offload-targets=nvptx-none=/build/gcc-11-XeT9lY/gcc-11-11.4.0/debian/tmp-nvptx/usr amdgcn-amdhsa=/build/gcc-11-XeT9lY/gcc-11-11.4.0/debian/tmp-gcn/usr --without-cuda-driver --enable-checking=release --build=x86_64-linux-gnu --host=x86_64-linux-gnu --target=x86_64-linux-gnu --with-build-config=bootstrap-lto-lean --enable-link-serialization=2]
  ignore line: [Thread model: posix]
  ignore line: [Supported LTO compression algorithms: zlib zstd]
  ignore line: [gcc version 11.4.0 (Ubuntu 11.4.0-1ubuntu1~22.04) ]
  ignore line: [COLLECT_GCC_OPTIONS='-v' '-o' 'CMakeFiles/cmTC_25c23.dir/CMakeCXXCompilerABI.cpp.o' '-c' '-shared-libgcc' '-mtune=generic' '-march=x86-64' '-dumpdir' 'CMakeFiles/cmTC_25c23.dir/']
  ignore line: [ /usr/lib/gcc/x86_64-linux-gnu/11/cc1plus -quiet -v -imultiarch x86_64-linux-gnu -D_GNU_SOURCE /usr/local/share/cmake-3.24/Modules/CMakeCXXCompilerABI.cpp -quiet -dumpdir CMakeFiles/cmTC_25c23.dir/ -dumpbase CMakeCXXCompilerABI.cpp.cpp -dumpbase-ext .cpp -mtune=generic -march=x86-64 -version -fasynchronous-unwind-tables -fstack-protector-strong -Wformat -Wformat-security -fstack-clash-protection -fcf-protection -o /tmp/ccgWbozm.s]
  ignore line: [GNU C++17 (Ubuntu 11.4.0-1ubuntu1~22.04) version 11.4.0 (x86_64-linux-gnu)]
  ignore line: [	compiled by GNU C version 11.4.0  GMP version 6.2.1  MPFR version 4.1.0  MPC version 1.2.1  isl version isl-0.24-GMP]
  ignore line: []
  ignore line: [GGC heuristics: --param ggc-min-expand=100 --param ggc-min-heapsize=131072]
  ignore line: [ignoring duplicate directory "/usr/include/x86_64-linux-gnu/c++/11"]
  ignore line: [ignoring nonexistent directory "/usr/local/include/x86_64-linux-gnu"]
  ignore line: [ignoring nonexistent directory "/usr/lib/gcc/x86_64-linux-gnu/11/include-fixed"]
  ignore line: [ignoring nonexistent directory "/usr/lib/gcc/x86_64-linux-gnu/11/../../../../x86_64-linux-gnu/include"]
  ignore line: [#include "..." search starts here:]
  ignore line: [#include <...> search starts here:]
  ignore line: [ /usr/include/c++/11]
  ignore line: [ /usr/include/x86_64-linux-gnu/c++/11]
  ignore line: [ /usr/include/c++/11/backward]
  ignore line: [ /usr/lib/gcc/x86_64-linux-gnu/11/include]
  ignore line: [ /usr/local/include]
  ignore line: [ /usr/include/x86_64-linux-gnu]
  ignore line: [ /usr/include]
  ignore line: [End of search list.]
  ignore line: [GNU C++17 (Ubuntu 11.4.0-1ubuntu1~22.04) version 11.4.0 (x86_64-linux-gnu)]
  ignore line: [	compiled by GNU C version 11.4.0  GMP version 6.2.1  MPFR version 4.1.0  MPC version 1.2.1  isl version isl-0.24-GMP]
  ignore line: []
  ignore line: [GGC heuristics: --param ggc-min-expand=100 --param ggc-min-heapsize=131072]
  ignore line: [Compiler executable checksum: d591828bb4d392ae8b7b160e5bb0b95f]
  ignore line: [COLLECT_GCC_OPTIONS='-v' '-o' 'CMakeFiles/cmTC_25c23.dir/CMakeCXXCompilerABI.cpp.o' '-c' '-shared-libgcc' '-mtune=generic' '-march=x86-64' '-dumpdir' 'CMakeFiles/cmTC_25c23.dir/']
  ignore line: [ as -v --64 -o CMakeFiles/cmTC_25c23.dir/CMakeCXXCompilerABI.cpp.o /tmp/ccgWbozm.s]
  ignore line: [GNU assembler version 2.38 (x86_64-linux-gnu) using BFD version (GNU Binutils for Ubuntu) 2.38]
  ignore line: [COMPILER_PATH=/usr/lib/gcc/x86_64-linux-gnu/11/:/usr/lib/gcc/x86_64-linux-gnu/11/:/usr/lib/gcc/x86_64-linux-gnu/:/usr/lib/gcc/x86_64-linux-gnu/11/:/usr/lib/gcc/x86_64-linux-gnu/]
  ignore line: [LIBRARY_PATH=/usr/lib/gcc/x86_64-linux-gnu/11/:/usr/lib/gcc/x86_64-linux-gnu/11/../../../x86_64-linux-gnu/:/usr/lib/gcc/x86_64-linux-gnu/11/../../../../lib/:/lib/x86_64-linux-gnu/:/lib/../lib/:/usr/lib/x86_64-linux-gnu/:/usr/lib/../lib/:/usr/lib/gcc/x86_64-linux-gnu/11/../../../:/lib/:/usr/lib/]
  ignore line: [COLLECT_GCC_OPTIONS='-v' '-o' 'CMakeFiles/cmTC_25c23.dir/CMakeCXXCompilerABI.cpp.o' '-c' '-shared-libgcc' '-mtune=generic' '-march=x86-64' '-dumpdir' 'CMakeFiles/cmTC_25c23.dir/CMakeCXXCompilerABI.cpp.']
  ignore line: [Linking CXX executable cmTC_25c23]
  ignore line: [/usr/local/bin/cmake -E cmake_link_script CMakeFiles/cmTC_25c23.dir/link.txt --verbose=1]
  ignore line: [/usr/bin/c++  -v CMakeFiles/cmTC_25c23.dir/CMakeCXXCompilerABI.cpp.o -o cmTC_25c23 ]
  ignore line: [Using built-in specs.]
  ignore line: [COLLECT_GCC=/usr/bin/c++]
  ignore line: [COLLECT_LTO_WRAPPER=/usr/lib/gcc/x86_64-linux-gnu/11/lto-wrapper]
  ignore line: [OFFLOAD_TARGET_NAMES=nvptx-none:amdgcn-amdhsa]
  ignore line: [OFFLOAD_TARGET_DEFAULT=1]
  ignore line: [Target: x86_64-linux-gnu]
  ignore line: [Configured with: ../src/configure -v --with-pkgversion='Ubuntu 11.4.0-1ubuntu1~22.04' --with-bugurl=file:///usr/share/doc/gcc-11/README.Bugs --enable-languages=c ada c++ go brig d fortran objc obj-c++ m2 --prefix=/usr --with-gcc-major-version-only --program-suffix=-11 --program-prefix=x86_64-linux-gnu- --enable-shared --enable-linker-build-id --libexecdir=/usr/lib --without-included-gettext --enable-threads=posix --libdir=/usr/lib --enable-nls --enable-bootstrap --enable-clocale=gnu --enable-libstdcxx-debug --enable-libstdcxx-time=yes --with-default-libstdcxx-abi=new --enable-gnu-unique-object --disable-vtable-verify --enable-plugin --enable-default-pie --with-system-zlib --enable-libphobos-checking=release --with-target-system-zlib=auto --enable-objc-gc=auto --enable-multiarch --disable-werror --enable-cet --with-arch-32=i686 --with-abi=m64 --with-multilib-list=m32 m64 mx32 --enable-multilib --with-tune=generic --enable-offload-targets=nvptx-none=/build/gcc-11-XeT9lY/gcc-11-11.4.0/debian/tmp-nvptx/usr amdgcn-amdhsa=/build/gcc-11-XeT9lY/gcc-11-11.4.0/debian/tmp-gcn/usr --without-cuda-driver --enable-checking=release --build=x86_64-linux-gnu --host=x86_64-linux-gnu --target=x86_64-linux-gnu --with-build-config=bootstrap-lto-lean --enable-link-serialization=2]
  ignore line: [Thread model: posix]
  ignore line: [Supported LTO compression algorithms: zlib zstd]
  ignore line: [gcc version 11.4.0 (Ubuntu 11.4.0-1ubuntu1~22.04) ]
  ignore line: [COMPILER_PATH=/usr/lib/gcc/x86_64-linux-gnu/11/:/usr/lib/gcc/x86_64-linux-gnu/11/:/usr/lib/gcc/x86_64-linux-gnu/:/usr/lib/gcc/x86_64-linux-gnu/11/:/usr/lib/gcc/x86_64-linux-gnu/]
  ignore line: [LIBRARY_PATH=/usr/lib/gcc/x86_64-linux-gnu/11/:/usr/lib/gcc/x86_64-linux-gnu/11/../../../x86_64-linux-gnu/:/usr/lib/gcc/x86_64-linux-gnu/11/../../../../lib/:/lib/x86_64-linux-gnu/:/lib/../lib/:/usr/lib/x86_64-linux-gnu/:/usr/lib/../lib/:/usr/lib/gcc/x86_64-linux-gnu/11/../../../:/lib/:/usr/lib/]
  ignore line: [COLLECT_GCC_OPTIONS='-v' '-o' 'cmTC_25c23' '-shared-libgcc' '-mtune=generic' '-march=x86-64' '-dumpdir' 'cmTC_25c23.']
  link line: [ /usr/lib/gcc/x86_64-linux-gnu/11/collect2 -plugin /usr/lib/gcc/x86_64-linux-gnu/11/liblto_plugin.so -plugin-opt=/usr/lib/gcc/x86_64-linux-gnu/11/lto-wrapper -plugin-opt=-fresolution=/tmp/cc6ZVB5D.res -plugin-opt=-pass-through=-lgcc_s -plugin-opt=-pass-through=-lgcc -plugin-opt=-pass-through=-lc -plugin-opt=-pass-through=-lgcc_s -plugin-opt=-pass-through=-lgcc --build-id --eh-frame-hdr -m elf_x86_64 --hash-style=gnu --as-needed -dynamic-linker /lib64/ld-linux-x86-64.so.2 -pie -z now -z relro -o cmTC_25c23 /usr/lib/gcc/x86_64-linux-gnu/11/../../../x86_64-linux-gnu/Scrt1.o /usr/lib/gcc/x86_64-linux-gnu/11/../../../x86_64-linux-gnu/crti.o /usr/lib/gcc/x86_64-linux-gnu/11/crtbeginS.o -L/usr/lib/gcc/x86_64-linux-gnu/11 -L/usr/lib/gcc/x86_64-linux-gnu/11/../../../x86_64-linux-gnu -L/usr/lib/gcc/x86_64-linux-gnu/11/../../../../lib -L/lib/x86_64-linux-gnu -L/lib/../lib -L/usr/lib/x86_64-linux-gnu -L/usr/lib/../lib -L/usr/lib/gcc/x86_64-linux-gnu/11/../../.. CMakeFiles/cmTC_25c23.dir/CMakeCXXCompilerABI.cpp.o -lstdc++ -lm -lgcc_s -lgcc -lc -lgcc_s -lgcc /usr/lib/gcc/x86_64-linux-gnu/11/crtendS.o /usr/lib/gcc/x86_64-linux-gnu/11/../../../x86_64-linux-gnu/crtn.o]
    arg [/usr/lib/gcc/x86_64-linux-gnu/11/collect2] ==> ignore
    arg [-plugin] ==> ignore
    arg [/usr/lib/gcc/x86_64-linux-gnu/11/liblto_plugin.so] ==> ignore
    arg [-plugin-opt=/usr/lib/gcc/x86_64-linux-gnu/11/lto-wrapper] ==> ignore
    arg [-plugin-opt=-fresolution=/tmp/cc6ZVB5D.res] ==> ignore
    arg [-plugin-opt=-pass-through=-lgcc_s] ==> ignore
    arg [-plugin-opt=-pass-through=-lgcc] ==> ignore
    arg [-plugin-opt=-pass-through=-lc] ==> ignore
    arg [-plugin-opt=-pass-through=-lgcc_s] ==> ignore
    arg [-plugin-opt=-pass-through=-lgcc] ==> ignore
    arg [--build-id] ==> ignore
    arg [--eh-frame-hdr] ==> ignore
    arg [-m] ==> ignore
    arg [elf_x86_64] ==> ignore
    arg [--hash-style=gnu] ==> ignore
    arg [--as-needed] ==> ignore
    arg [-dynamic-linker] ==> ignore
    arg [/lib64/ld-linux-x86-64.so.2] ==> ignore
    arg [-pie] ==> ignore
    arg [-znow] ==> ignore
    arg [-zrelro] ==> ignore
    arg [-o] ==> ignore
    arg [cmTC_25c23] ==> ignore
    arg [/usr/lib/gcc/x86_64-linux-gnu/11/../../../x86_64-linux-gnu/Scrt1.o] ==> obj [/usr/lib/gcc/x86_64-linux-gnu/11/../../../x86_64-linux-gnu/Scrt1.o]
    arg [/usr/lib/gcc/x86_64-linux-gnu/11/../../../x86_64-linux-gnu/crti.o] ==> obj [/usr/lib/gcc/x86_64-linux-gnu/11/../../../x86_64-linux-gnu/crti.o]
    arg [/usr/lib/gcc/x86_64-linux-gnu/11/crtbeginS.o] ==> obj [/usr/lib/gcc/x86_64-linux-gnu/11/crtbeginS.o]
    arg [-L/usr/lib/gcc/x86_64-linux-gnu/11] ==> dir [/usr/lib/gcc/x86_64-linux-gnu/11]
    arg [-L/usr/lib/gcc/x86_64-linux-gnu/11/../../../x86_64-linux-gnu] ==> dir [/usr/lib/gcc/x86_64-linux-gnu/11/../../../x86_64-linux-gnu]
    arg [-L/usr/lib/gcc/x86_64-linux-gnu/11/../../../../lib] ==> dir [/usr/lib/gcc/x86_64-linux-gnu/11/../../../../lib]
    arg [-L/lib/x86_64-linux-gnu] ==> dir [/lib/x86_64-linux-gnu]
    arg [-L/lib/../lib] ==> dir [/lib/../lib]
    arg [-L/usr/lib/x86_64-linux-gnu] ==> dir [/usr/lib/x86_64-linux-gnu]
    arg [-L/usr/lib/../lib] ==> dir [/usr/lib/../lib]
    arg [-L/usr/lib/gcc/x86_64-linux-gnu/11/../../..] ==> dir [/usr/lib/gcc/x86_64-linux-gnu/11/../../..]
    arg [CMakeFiles/cmTC_25c23.dir/CMakeCXXCompilerABI.cpp.o] ==> ignore
    arg [-lstdc++] ==> lib [stdc++]
    arg [-lm] ==> lib [m]
    arg [-lgcc_s] ==> lib [gcc_s]
    arg [-lgcc] ==> lib [gcc]
    arg [-lc] ==> lib [c]
    arg [-lgcc_s] ==> lib [gcc_s]
    arg [-lgcc] ==> lib [gcc]
    arg [/usr/lib/gcc/x86_64-linux-gnu/11/crtendS.o] ==> obj [/usr/lib/gcc/x86_64-linux-gnu/11/crtendS.o]
    arg [/usr/lib/gcc/x86_64-linux-gnu/11/../../../x86_64-linux-gnu/crtn.o] ==> obj [/usr/lib/gcc/x86_64-linux-gnu/11/../../../x86_64-linux-gnu/crtn.o]
  collapse obj [/usr/lib/gcc/x86_64-linux-gnu/11/../../../x86_64-linux-gnu/Scrt1.o] ==> [/usr/lib/x86_64-linux-gnu/Scrt1.o]
  collapse obj [/usr/lib/gcc/x86_64-linux-gnu/11/../../../x86_64-linux-gnu/crti.o] ==> [/usr/lib/x86_64-linux-gnu/crti.o]
  collapse obj [/usr/lib/gcc/x86_64-linux-gnu/11/../../../x86_64-linux-gnu/crtn.o] ==> [/usr/lib/x86_64-linux-gnu/crtn.o]
  collapse library dir [/usr/lib/gcc/x86_64-linux-gnu/11] ==> [/usr/lib/gcc/x86_64-linux-gnu/11]
  collapse library dir [/usr/lib/gcc/x86_64-linux-gnu/11/../../../x86_64-linux-gnu] ==> [/usr/lib/x86_64-linux-gnu]
  collapse library dir [/usr/lib/gcc/x86_64-linux-gnu/11/../../../../lib] ==> [/usr/lib]
  collapse library dir [/lib/x86_64-linux-gnu] ==> [/lib/x86_64-linux-gnu]
  collapse library dir [/lib/../lib] ==> [/lib]
  collapse library dir [/usr/lib/x86_64-linux-gnu] ==> [/usr/lib/x86_64-linux-gnu]
  collapse library dir [/usr/lib/../lib] ==> [/usr/lib]
  collapse library dir [/usr/lib/gcc/x86_64-linux-gnu/11/../../..] ==> [/usr/lib]
  implicit libs: [stdc++;m;gcc_s;gcc;c;gcc_s;gcc]
  implicit objs: [/usr/lib/x86_64-linux-gnu/Scrt1.o;/usr/lib/x86_64-linux-gnu/crti.o;/usr/lib/gcc/x86_64-linux-gnu/11/crtbeginS.o;/usr/lib/gcc/x86_64-linux-gnu/11/crtendS.o;/usr/lib/x86_64-linux-gnu/crtn.o]
  implicit dirs: [/usr/lib/gcc/x86_64-linux-gnu/11;/usr/lib/x86_64-linux-gnu;/usr/lib;/lib/x86_64-linux-gnu;/lib]
  implicit fwks: []


Compiling the C compiler identification source file "CMakeCCompilerId.c" succeeded.
Compiler: /usr/bin/cc 
Build flags: 
Id flags:  

The output was:
0


Compilation of the C compiler identification source "CMakeCCompilerId.c" produced "a.out"

The C compiler identification is GNU, found in "/home/captainnothing/OpenROAD/build/CMakeFiles/3.24.2/CompilerIdC/a.out"

Detecting C compiler ABI info compiled with the following output:
Change Dir: /home/captainnothing/OpenROAD/build/CMakeFiles/CMakeTmp

Run Build Command(s):/usr/bin/gmake -f Makefile cmTC_641e6/fast && /usr/bin/gmake  -f CMakeFiles/cmTC_641e6.dir/build.make CMakeFiles/cmTC_641e6.dir/build
gmake[1]: Entering directory '/home/captainnothing/OpenROAD/build/CMakeFiles/CMakeTmp'
Building C object CMakeFiles/cmTC_641e6.dir/CMakeCCompilerABI.c.o
/usr/bin/cc   -v -o CMakeFiles/cmTC_641e6.dir/CMakeCCompilerABI.c.o -c /usr/local/share/cmake-3.24/Modules/CMakeCCompilerABI.c
Using built-in specs.
COLLECT_GCC=/usr/bin/cc
OFFLOAD_TARGET_NAMES=nvptx-none:amdgcn-amdhsa
OFFLOAD_TARGET_DEFAULT=1
Target: x86_64-linux-gnu
Configured with: ../src/configure -v --with-pkgversion='Ubuntu 11.4.0-1ubuntu1~22.04' --with-bugurl=file:///usr/share/doc/gcc-11/README.Bugs --enable-languages=c,ada,c++,go,brig,d,fortran,objc,obj-c++,m2 --prefix=/usr --with-gcc-major-version-only --program-suffix=-11 --program-prefix=x86_64-linux-gnu- --enable-shared --enable-linker-build-id --libexecdir=/usr/lib --without-included-gettext --enable-threads=posix --libdir=/usr/lib --enable-nls --enable-bootstrap --enable-clocale=gnu --enable-libstdcxx-debug --enable-libstdcxx-time=yes --with-default-libstdcxx-abi=new --enable-gnu-unique-object --disable-vtable-verify --enable-plugin --enable-default-pie --with-system-zlib --enable-libphobos-checking=release --with-target-system-zlib=auto --enable-objc-gc=auto --enable-multiarch --disable-werror --enable-cet --with-arch-32=i686 --with-abi=m64 --with-multilib-list=m32,m64,mx32 --enable-multilib --with-tune=generic --enable-offload-targets=nvptx-none=/build/gcc-11-XeT9lY/gcc-11-11.4.0/debian/tmp-nvptx/usr,amdgcn-amdhsa=/build/gcc-11-XeT9lY/gcc-11-11.4.0/debian/tmp-gcn/usr --without-cuda-driver --enable-checking=release --build=x86_64-linux-gnu --host=x86_64-linux-gnu --target=x86_64-linux-gnu --with-build-config=bootstrap-lto-lean --enable-link-serialization=2
Thread model: posix
Supported LTO compression algorithms: zlib zstd
gcc version 11.4.0 (Ubuntu 11.4.0-1ubuntu1~22.04) 
COLLECT_GCC_OPTIONS='-v' '-o' 'CMakeFiles/cmTC_641e6.dir/CMakeCCompilerABI.c.o' '-c' '-mtune=generic' '-march=x86-64' '-dumpdir' 'CMakeFiles/cmTC_641e6.dir/'
 /usr/lib/gcc/x86_64-linux-gnu/11/cc1 -quiet -v -imultiarch x86_64-linux-gnu /usr/local/share/cmake-3.24/Modules/CMakeCCompilerABI.c -quiet -dumpdir CMakeFiles/cmTC_641e6.dir/ -dumpbase CMakeCCompilerABI.c.c -dumpbase-ext .c -mtune=generic -march=x86-64 -version -fasynchronous-unwind-tables -fstack-protector-strong -Wformat -Wformat-security -fstack-clash-protection -fcf-protection -o /tmp/cchO6Naw.s
GNU C17 (Ubuntu 11.4.0-1ubuntu1~22.04) version 11.4.0 (x86_64-linux-gnu)
	compiled by GNU C version 11.4.0, GMP version 6.2.1, MPFR version 4.1.0, MPC version 1.2.1, isl version isl-0.24-GMP

GGC heuristics: --param ggc-min-expand=100 --param ggc-min-heapsize=131072
ignoring nonexistent directory "/usr/local/include/x86_64-linux-gnu"
ignoring nonexistent directory "/usr/lib/gcc/x86_64-linux-gnu/11/include-fixed"
ignoring nonexistent directory "/usr/lib/gcc/x86_64-linux-gnu/11/../../../../x86_64-linux-gnu/include"
#include "..." search starts here:
#include <...> search starts here:
 /usr/lib/gcc/x86_64-linux-gnu/11/include
 /usr/local/include
 /usr/include/x86_64-linux-gnu
 /usr/include
End of search list.
GNU C17 (Ubuntu 11.4.0-1ubuntu1~22.04) version 11.4.0 (x86_64-linux-gnu)
	compiled by GNU C version 11.4.0, GMP version 6.2.1, MPFR version 4.1.0, MPC version 1.2.1, isl version isl-0.24-GMP

GGC heuristics: --param ggc-min-expand=100 --param ggc-min-heapsize=131072
Compiler executable checksum: 50eaa2331df977b8016186198deb2d18
COLLECT_GCC_OPTIONS='-v' '-o' 'CMakeFiles/cmTC_641e6.dir/CMakeCCompilerABI.c.o' '-c' '-mtune=generic' '-march=x86-64' '-dumpdir' 'CMakeFiles/cmTC_641e6.dir/'
 as -v --64 -o CMakeFiles/cmTC_641e6.dir/CMakeCCompilerABI.c.o /tmp/cchO6Naw.s
GNU assembler version 2.38 (x86_64-linux-gnu) using BFD version (GNU Binutils for Ubuntu) 2.38
COMPILER_PATH=/usr/lib/gcc/x86_64-linux-gnu/11/:/usr/lib/gcc/x86_64-linux-gnu/11/:/usr/lib/gcc/x86_64-linux-gnu/:/usr/lib/gcc/x86_64-linux-gnu/11/:/usr/lib/gcc/x86_64-linux-gnu/
LIBRARY_PATH=/usr/lib/gcc/x86_64-linux-gnu/11/:/usr/lib/gcc/x86_64-linux-gnu/11/../../../x86_64-linux-gnu/:/usr/lib/gcc/x86_64-linux-gnu/11/../../../../lib/:/lib/x86_64-linux-gnu/:/lib/../lib/:/usr/lib/x86_64-linux-gnu/:/usr/lib/../lib/:/usr/lib/gcc/x86_64-linux-gnu/11/../../../:/lib/:/usr/lib/
COLLECT_GCC_OPTIONS='-v' '-o' 'CMakeFiles/cmTC_641e6.dir/CMakeCCompilerABI.c.o' '-c' '-mtune=generic' '-march=x86-64' '-dumpdir' 'CMakeFiles/cmTC_641e6.dir/CMakeCCompilerABI.c.'
Linking C executable cmTC_641e6
/usr/local/bin/cmake -E cmake_link_script CMakeFiles/cmTC_641e6.dir/link.txt --verbose=1
/usr/bin/cc  -v CMakeFiles/cmTC_641e6.dir/CMakeCCompilerABI.c.o -o cmTC_641e6 
Using built-in specs.
COLLECT_GCC=/usr/bin/cc
COLLECT_LTO_WRAPPER=/usr/lib/gcc/x86_64-linux-gnu/11/lto-wrapper
OFFLOAD_TARGET_NAMES=nvptx-none:amdgcn-amdhsa
OFFLOAD_TARGET_DEFAULT=1
Target: x86_64-linux-gnu
Configured with: ../src/configure -v --with-pkgversion='Ubuntu 11.4.0-1ubuntu1~22.04' --with-bugurl=file:///usr/share/doc/gcc-11/README.Bugs --enable-languages=c,ada,c++,go,brig,d,fortran,objc,obj-c++,m2 --prefix=/usr --with-gcc-major-version-only --program-suffix=-11 --program-prefix=x86_64-linux-gnu- --enable-shared --enable-linker-build-id --libexecdir=/usr/lib --without-included-gettext --enable-threads=posix --libdir=/usr/lib --enable-nls --enable-bootstrap --enable-clocale=gnu --enable-libstdcxx-debug --enable-libstdcxx-time=yes --with-default-libstdcxx-abi=new --enable-gnu-unique-object --disable-vtable-verify --enable-plugin --enable-default-pie --with-system-zlib --enable-libphobos-checking=release --with-target-system-zlib=auto --enable-objc-gc=auto --enable-multiarch --disable-werror --enable-cet --with-arch-32=i686 --with-abi=m64 --with-multilib-list=m32,m64,mx32 --enable-multilib --with-tune=generic --enable-offload-targets=nvptx-none=/build/gcc-11-XeT9lY/gcc-11-11.4.0/debian/tmp-nvptx/usr,amdgcn-amdhsa=/build/gcc-11-XeT9lY/gcc-11-11.4.0/debian/tmp-gcn/usr --without-cuda-driver --enable-checking=release --build=x86_64-linux-gnu --host=x86_64-linux-gnu --target=x86_64-linux-gnu --with-build-config=bootstrap-lto-lean --enable-link-serialization=2
Thread model: posix
Supported LTO compression algorithms: zlib zstd
gcc version 11.4.0 (Ubuntu 11.4.0-1ubuntu1~22.04) 
COMPILER_PATH=/usr/lib/gcc/x86_64-linux-gnu/11/:/usr/lib/gcc/x86_64-linux-gnu/11/:/usr/lib/gcc/x86_64-linux-gnu/:/usr/lib/gcc/x86_64-linux-gnu/11/:/usr/lib/gcc/x86_64-linux-gnu/
LIBRARY_PATH=/usr/lib/gcc/x86_64-linux-gnu/11/:/usr/lib/gcc/x86_64-linux-gnu/11/../../../x86_64-linux-gnu/:/usr/lib/gcc/x86_64-linux-gnu/11/../../../../lib/:/lib/x86_64-linux-gnu/:/lib/../lib/:/usr/lib/x86_64-linux-gnu/:/usr/lib/../lib/:/usr/lib/gcc/x86_64-linux-gnu/11/../../../:/lib/:/usr/lib/
COLLECT_GCC_OPTIONS='-v' '-o' 'cmTC_641e6' '-mtune=generic' '-march=x86-64' '-dumpdir' 'cmTC_641e6.'
 /usr/lib/gcc/x86_64-linux-gnu/11/collect2 -plugin /usr/lib/gcc/x86_64-linux-gnu/11/liblto_plugin.so -plugin-opt=/usr/lib/gcc/x86_64-linux-gnu/11/lto-wrapper -plugin-opt=-fresolution=/tmp/ccDDzNcD.res -plugin-opt=-pass-through=-lgcc -plugin-opt=-pass-through=-lgcc_s -plugin-opt=-pass-through=-lc -plugin-opt=-pass-through=-lgcc -plugin-opt=-pass-through=-lgcc_s --build-id --eh-frame-hdr -m elf_x86_64 --hash-style=gnu --as-needed -dynamic-linker /lib64/ld-linux-x86-64.so.2 -pie -z now -z relro -o cmTC_641e6 /usr/lib/gcc/x86_64-linux-gnu/11/../../../x86_64-linux-gnu/Scrt1.o /usr/lib/gcc/x86_64-linux-gnu/11/../../../x86_64-linux-gnu/crti.o /usr/lib/gcc/x86_64-linux-gnu/11/crtbeginS.o -L/usr/lib/gcc/x86_64-linux-gnu/11 -L/usr/lib/gcc/x86_64-linux-gnu/11/../../../x86_64-linux-gnu -L/usr/lib/gcc/x86_64-linux-gnu/11/../../../../lib -L/lib/x86_64-linux-gnu -L/lib/../lib -L/usr/lib/x86_64-linux-gnu -L/usr/lib/../lib -L/usr/lib/gcc/x86_64-linux-gnu/11/../../.. CMakeFiles/cmTC_641e6.dir/CMakeCCompilerABI.c.o -lgcc --push-state --as-needed -lgcc_s --pop-state -lc -lgcc --push-state --as-needed -lgcc_s --pop-state /usr/lib/gcc/x86_64-linux-gnu/11/crtendS.o /usr/lib/gcc/x86_64-linux-gnu/11/../../../x86_64-linux-gnu/crtn.o
COLLECT_GCC_OPTIONS='-v' '-o' 'cmTC_641e6' '-mtune=generic' '-march=x86-64' '-dumpdir' 'cmTC_641e6.'
gmake[1]: Leaving directory '/home/captainnothing/OpenROAD/build/CMakeFiles/CMakeTmp'



Parsed C implicit include dir info from above output: rv=done
  found start of include info
  found start of implicit include info
    add: [/usr/lib/gcc/x86_64-linux-gnu/11/include]
    add: [/usr/local/include]
    add: [/usr/include/x86_64-linux-gnu]
    add: [/usr/include]
  end of search list found
  collapse include dir [/usr/lib/gcc/x86_64-linux-gnu/11/include] ==> [/usr/lib/gcc/x86_64-linux-gnu/11/include]
  collapse include dir [/usr/local/include] ==> [/usr/local/include]
  collapse include dir [/usr/include/x86_64-linux-gnu] ==> [/usr/include/x86_64-linux-gnu]
  collapse include dir [/usr/include] ==> [/usr/include]
  implicit include dirs: [/usr/lib/gcc/x86_64-linux-gnu/11/include;/usr/local/include;/usr/include/x86_64-linux-gnu;/usr/include]


Parsed C implicit link information from above output:
  link line regex: [^( *|.*[/\])(ld|CMAKE_LINK_STARTFILE-NOTFOUND|([^/\]+-)?ld|collect2)[^/\]*( |$)]
  ignore line: [Change Dir: /home/captainnothing/OpenROAD/build/CMakeFiles/CMakeTmp]
  ignore line: []
  ignore line: [Run Build Command(s):/usr/bin/gmake -f Makefile cmTC_641e6/fast && /usr/bin/gmake  -f CMakeFiles/cmTC_641e6.dir/build.make CMakeFiles/cmTC_641e6.dir/build]
  ignore line: [gmake[1]: Entering directory '/home/captainnothing/OpenROAD/build/CMakeFiles/CMakeTmp']
  ignore line: [Building C object CMakeFiles/cmTC_641e6.dir/CMakeCCompilerABI.c.o]
  ignore line: [/usr/bin/cc   -v -o CMakeFiles/cmTC_641e6.dir/CMakeCCompilerABI.c.o -c /usr/local/share/cmake-3.24/Modules/CMakeCCompilerABI.c]
  ignore line: [Using built-in specs.]
  ignore line: [COLLECT_GCC=/usr/bin/cc]
  ignore line: [OFFLOAD_TARGET_NAMES=nvptx-none:amdgcn-amdhsa]
  ignore line: [OFFLOAD_TARGET_DEFAULT=1]
  ignore line: [Target: x86_64-linux-gnu]
  ignore line: [Configured with: ../src/configure -v --with-pkgversion='Ubuntu 11.4.0-1ubuntu1~22.04' --with-bugurl=file:///usr/share/doc/gcc-11/README.Bugs --enable-languages=c ada c++ go brig d fortran objc obj-c++ m2 --prefix=/usr --with-gcc-major-version-only --program-suffix=-11 --program-prefix=x86_64-linux-gnu- --enable-shared --enable-linker-build-id --libexecdir=/usr/lib --without-included-gettext --enable-threads=posix --libdir=/usr/lib --enable-nls --enable-bootstrap --enable-clocale=gnu --enable-libstdcxx-debug --enable-libstdcxx-time=yes --with-default-libstdcxx-abi=new --enable-gnu-unique-object --disable-vtable-verify --enable-plugin --enable-default-pie --with-system-zlib --enable-libphobos-checking=release --with-target-system-zlib=auto --enable-objc-gc=auto --enable-multiarch --disable-werror --enable-cet --with-arch-32=i686 --with-abi=m64 --with-multilib-list=m32 m64 mx32 --enable-multilib --with-tune=generic --enable-offload-targets=nvptx-none=/build/gcc-11-XeT9lY/gcc-11-11.4.0/debian/tmp-nvptx/usr amdgcn-amdhsa=/build/gcc-11-XeT9lY/gcc-11-11.4.0/debian/tmp-gcn/usr --without-cuda-driver --enable-checking=release --build=x86_64-linux-gnu --host=x86_64-linux-gnu --target=x86_64-linux-gnu --with-build-config=bootstrap-lto-lean --enable-link-serialization=2]
  ignore line: [Thread model: posix]
  ignore line: [Supported LTO compression algorithms: zlib zstd]
  ignore line: [gcc version 11.4.0 (Ubuntu 11.4.0-1ubuntu1~22.04) ]
  ignore line: [COLLECT_GCC_OPTIONS='-v' '-o' 'CMakeFiles/cmTC_641e6.dir/CMakeCCompilerABI.c.o' '-c' '-mtune=generic' '-march=x86-64' '-dumpdir' 'CMakeFiles/cmTC_641e6.dir/']
  ignore line: [ /usr/lib/gcc/x86_64-linux-gnu/11/cc1 -quiet -v -imultiarch x86_64-linux-gnu /usr/local/share/cmake-3.24/Modules/CMakeCCompilerABI.c -quiet -dumpdir CMakeFiles/cmTC_641e6.dir/ -dumpbase CMakeCCompilerABI.c.c -dumpbase-ext .c -mtune=generic -march=x86-64 -version -fasynchronous-unwind-tables -fstack-protector-strong -Wformat -Wformat-security -fstack-clash-protection -fcf-protection -o /tmp/cchO6Naw.s]
  ignore line: [GNU C17 (Ubuntu 11.4.0-1ubuntu1~22.04) version 11.4.0 (x86_64-linux-gnu)]
  ignore line: [	compiled by GNU C version 11.4.0  GMP version 6.2.1  MPFR version 4.1.0  MPC version 1.2.1  isl version isl-0.24-GMP]
  ignore line: []
  ignore line: [GGC heuristics: --param ggc-min-expand=100 --param ggc-min-heapsize=131072]
  ignore line: [ignoring nonexistent directory "/usr/local/include/x86_64-linux-gnu"]
  ignore line: [ignoring nonexistent directory "/usr/lib/gcc/x86_64-linux-gnu/11/include-fixed"]
  ignore line: [ignoring nonexistent directory "/usr/lib/gcc/x86_64-linux-gnu/11/../../../../x86_64-linux-gnu/include"]
  ignore line: [#include "..." search starts here:]
  ignore line: [#include <...> search starts here:]
  ignore line: [ /usr/lib/gcc/x86_64-linux-gnu/11/include]
  ignore line: [ /usr/local/include]
  ignore line: [ /usr/include/x86_64-linux-gnu]
  ignore line: [ /usr/include]
  ignore line: [End of search list.]
  ignore line: [GNU C17 (Ubuntu 11.4.0-1ubuntu1~22.04) version 11.4.0 (x86_64-linux-gnu)]
  ignore line: [	compiled by GNU C version 11.4.0  GMP version 6.2.1  MPFR version 4.1.0  MPC version 1.2.1  isl version isl-0.24-GMP]
  ignore line: []
  ignore line: [GGC heuristics: --param ggc-min-expand=100 --param ggc-min-heapsize=131072]
  ignore line: [Compiler executable checksum: 50eaa2331df977b8016186198deb2d18]
  ignore line: [COLLECT_GCC_OPTIONS='-v' '-o' 'CMakeFiles/cmTC_641e6.dir/CMakeCCompilerABI.c.o' '-c' '-mtune=generic' '-march=x86-64' '-dumpdir' 'CMakeFiles/cmTC_641e6.dir/']
  ignore line: [ as -v --64 -o CMakeFiles/cmTC_641e6.dir/CMakeCCompilerABI.c.o /tmp/cchO6Naw.s]
  ignore line: [GNU assembler version 2.38 (x86_64-linux-gnu) using BFD version (GNU Binutils for Ubuntu) 2.38]
  ignore line: [COMPILER_PATH=/usr/lib/gcc/x86_64-linux-gnu/11/:/usr/lib/gcc/x86_64-linux-gnu/11/:/usr/lib/gcc/x86_64-linux-gnu/:/usr/lib/gcc/x86_64-linux-gnu/11/:/usr/lib/gcc/x86_64-linux-gnu/]
  ignore line: [LIBRARY_PATH=/usr/lib/gcc/x86_64-linux-gnu/11/:/usr/lib/gcc/x86_64-linux-gnu/11/../../../x86_64-linux-gnu/:/usr/lib/gcc/x86_64-linux-gnu/11/../../../../lib/:/lib/x86_64-linux-gnu/:/lib/../lib/:/usr/lib/x86_64-linux-gnu/:/usr/lib/../lib/:/usr/lib/gcc/x86_64-linux-gnu/11/../../../:/lib/:/usr/lib/]
  ignore line: [COLLECT_GCC_OPTIONS='-v' '-o' 'CMakeFiles/cmTC_641e6.dir/CMakeCCompilerABI.c.o' '-c' '-mtune=generic' '-march=x86-64' '-dumpdir' 'CMakeFiles/cmTC_641e6.dir/CMakeCCompilerABI.c.']
  ignore line: [Linking C executable cmTC_641e6]
  ignore line: [/usr/local/bin/cmake -E cmake_link_script CMakeFiles/cmTC_641e6.dir/link.txt --verbose=1]
  ignore line: [/usr/bin/cc  -v CMakeFiles/cmTC_641e6.dir/CMakeCCompilerABI.c.o -o cmTC_641e6 ]
  ignore line: [Using built-in specs.]
  ignore line: [COLLECT_GCC=/usr/bin/cc]
  ignore line: [COLLECT_LTO_WRAPPER=/usr/lib/gcc/x86_64-linux-gnu/11/lto-wrapper]
  ignore line: [OFFLOAD_TARGET_NAMES=nvptx-none:amdgcn-amdhsa]
  ignore line: [OFFLOAD_TARGET_DEFAULT=1]
  ignore line: [Target: x86_64-linux-gnu]
  ignore line: [Configured with: ../src/configure -v --with-pkgversion='Ubuntu 11.4.0-1ubuntu1~22.04' --with-bugurl=file:///usr/share/doc/gcc-11/README.Bugs --enable-languages=c ada c++ go brig d fortran objc obj-c++ m2 --prefix=/usr --with-gcc-major-version-only --program-suffix=-11 --program-prefix=x86_64-linux-gnu- --enable-shared --enable-linker-build-id --libexecdir=/usr/lib --without-included-gettext --enable-threads=posix --libdir=/usr/lib --enable-nls --enable-bootstrap --enable-clocale=gnu --enable-libstdcxx-debug --enable-libstdcxx-time=yes --with-default-libstdcxx-abi=new --enable-gnu-unique-object --disable-vtable-verify --enable-plugin --enable-default-pie --with-system-zlib --enable-libphobos-checking=release --with-target-system-zlib=auto --enable-objc-gc=auto --enable-multiarch --disable-werror --enable-cet --with-arch-32=i686 --with-abi=m64 --with-multilib-list=m32 m64 mx32 --enable-multilib --with-tune=generic --enable-offload-targets=nvptx-none=/build/gcc-11-XeT9lY/gcc-11-11.4.0/debian/tmp-nvptx/usr amdgcn-amdhsa=/build/gcc-11-XeT9lY/gcc-11-11.4.0/debian/tmp-gcn/usr --without-cuda-driver --enable-checking=release --build=x86_64-linux-gnu --host=x86_64-linux-gnu --target=x86_64-linux-gnu --with-build-config=bootstrap-lto-lean --enable-link-serialization=2]
  ignore line: [Thread model: posix]
  ignore line: [Supported LTO compression algorithms: zlib zstd]
  ignore line: [gcc version 11.4.0 (Ubuntu 11.4.0-1ubuntu1~22.04) ]
  ignore line: [COMPILER_PATH=/usr/lib/gcc/x86_64-linux-gnu/11/:/usr/lib/gcc/x86_64-linux-gnu/11/:/usr/lib/gcc/x86_64-linux-gnu/:/usr/lib/gcc/x86_64-linux-gnu/11/:/usr/lib/gcc/x86_64-linux-gnu/]
  ignore line: [LIBRARY_PATH=/usr/lib/gcc/x86_64-linux-gnu/11/:/usr/lib/gcc/x86_64-linux-gnu/11/../../../x86_64-linux-gnu/:/usr/lib/gcc/x86_64-linux-gnu/11/../../../../lib/:/lib/x86_64-linux-gnu/:/lib/../lib/:/usr/lib/x86_64-linux-gnu/:/usr/lib/../lib/:/usr/lib/gcc/x86_64-linux-gnu/11/../../../:/lib/:/usr/lib/]
  ignore line: [COLLECT_GCC_OPTIONS='-v' '-o' 'cmTC_641e6' '-mtune=generic' '-march=x86-64' '-dumpdir' 'cmTC_641e6.']
  link line: [ /usr/lib/gcc/x86_64-linux-gnu/11/collect2 -plugin /usr/lib/gcc/x86_64-linux-gnu/11/liblto_plugin.so -plugin-opt=/usr/lib/gcc/x86_64-linux-gnu/11/lto-wrapper -plugin-opt=-fresolution=/tmp/ccDDzNcD.res -plugin-opt=-pass-through=-lgcc -plugin-opt=-pass-through=-lgcc_s -plugin-opt=-pass-through=-lc -plugin-opt=-pass-through=-lgcc -plugin-opt=-pass-through=-lgcc_s --build-id --eh-frame-hdr -m elf_x86_64 --hash-style=gnu --as-needed -dynamic-linker /lib64/ld-linux-x86-64.so.2 -pie -z now -z relro -o cmTC_641e6 /usr/lib/gcc/x86_64-linux-gnu/11/../../../x86_64-linux-gnu/Scrt1.o /usr/lib/gcc/x86_64-linux-gnu/11/../../../x86_64-linux-gnu/crti.o /usr/lib/gcc/x86_64-linux-gnu/11/crtbeginS.o -L/usr/lib/gcc/x86_64-linux-gnu/11 -L/usr/lib/gcc/x86_64-linux-gnu/11/../../../x86_64-linux-gnu -L/usr/lib/gcc/x86_64-linux-gnu/11/../../../../lib -L/lib/x86_64-linux-gnu -L/lib/../lib -L/usr/lib/x86_64-linux-gnu -L/usr/lib/../lib -L/usr/lib/gcc/x86_64-linux-gnu/11/../../.. CMakeFiles/cmTC_641e6.dir/CMakeCCompilerABI.c.o -lgcc --push-state --as-needed -lgcc_s --pop-state -lc -lgcc --push-state --as-needed -lgcc_s --pop-state /usr/lib/gcc/x86_64-linux-gnu/11/crtendS.o /usr/lib/gcc/x86_64-linux-gnu/11/../../../x86_64-linux-gnu/crtn.o]
    arg [/usr/lib/gcc/x86_64-linux-gnu/11/collect2] ==> ignore
    arg [-plugin] ==> ignore
    arg [/usr/lib/gcc/x86_64-linux-gnu/11/liblto_plugin.so] ==> ignore
    arg [-plugin-opt=/usr/lib/gcc/x86_64-linux-gnu/11/lto-wrapper] ==> ignore
    arg [-plugin-opt=-fresolution=/tmp/ccDDzNcD.res] ==> ignore
    arg [-plugin-opt=-pass-through=-lgcc] ==> ignore
    arg [-plugin-opt=-pass-through=-lgcc_s] ==> ignore
    arg [-plugin-opt=-pass-through=-lc] ==> ignore
    arg [-plugin-opt=-pass-through=-lgcc] ==> ignore
    arg [-plugin-opt=-pass-through=-lgcc_s] ==> ignore
    arg [--build-id] ==> ignore
    arg [--eh-frame-hdr] ==> ignore
    arg [-m] ==> ignore
    arg [elf_x86_64] ==> ignore
    arg [--hash-style=gnu] ==> ignore
    arg [--as-needed] ==> ignore
    arg [-dynamic-linker] ==> ignore
    arg [/lib64/ld-linux-x86-64.so.2] ==> ignore
    arg [-pie] ==> ignore
    arg [-znow] ==> ignore
    arg [-zrelro] ==> ignore
    arg [-o] ==> ignore
    arg [cmTC_641e6] ==> ignore
    arg [/usr/lib/gcc/x86_64-linux-gnu/11/../../../x86_64-linux-gnu/Scrt1.o] ==> obj [/usr/lib/gcc/x86_64-linux-gnu/11/../../../x86_64-linux-gnu/Scrt1.o]
    arg [/usr/lib/gcc/x86_64-linux-gnu/11/../../../x86_64-linux-gnu/crti.o] ==> obj [/usr/lib/gcc/x86_64-linux-gnu/11/../../../x86_64-linux-gnu/crti.o]
    arg [/usr/lib/gcc/x86_64-linux-gnu/11/crtbeginS.o] ==> obj [/usr/lib/gcc/x86_64-linux-gnu/11/crtbeginS.o]
    arg [-L/usr/lib/gcc/x86_64-linux-gnu/11] ==> dir [/usr/lib/gcc/x86_64-linux-gnu/11]
    arg [-L/usr/lib/gcc/x86_64-linux-gnu/11/../../../x86_64-linux-gnu] ==> dir [/usr/lib/gcc/x86_64-linux-gnu/11/../../../x86_64-linux-gnu]
    arg [-L/usr/lib/gcc/x86_64-linux-gnu/11/../../../../lib] ==> dir [/usr/lib/gcc/x86_64-linux-gnu/11/../../../../lib]
    arg [-L/lib/x86_64-linux-gnu] ==> dir [/lib/x86_64-linux-gnu]
    arg [-L/lib/../lib] ==> dir [/lib/../lib]
    arg [-L/usr/lib/x86_64-linux-gnu] ==> dir [/usr/lib/x86_64-linux-gnu]
    arg [-L/usr/lib/../lib] ==> dir [/usr/lib/../lib]
    arg [-L/usr/lib/gcc/x86_64-linux-gnu/11/../../..] ==> dir [/usr/lib/gcc/x86_64-linux-gnu/11/../../..]
    arg [CMakeFiles/cmTC_641e6.dir/CMakeCCompilerABI.c.o] ==> ignore
    arg [-lgcc] ==> lib [gcc]
    arg [--push-state] ==> ignore
    arg [--as-needed] ==> ignore
    arg [-lgcc_s] ==> lib [gcc_s]
    arg [--pop-state] ==> ignore
    arg [-lc] ==> lib [c]
    arg [-lgcc] ==> lib [gcc]
    arg [--push-state] ==> ignore
    arg [--as-needed] ==> ignore
    arg [-lgcc_s] ==> lib [gcc_s]
    arg [--pop-state] ==> ignore
    arg [/usr/lib/gcc/x86_64-linux-gnu/11/crtendS.o] ==> obj [/usr/lib/gcc/x86_64-linux-gnu/11/crtendS.o]
    arg [/usr/lib/gcc/x86_64-linux-gnu/11/../../../x86_64-linux-gnu/crtn.o] ==> obj [/usr/lib/gcc/x86_64-linux-gnu/11/../../../x86_64-linux-gnu/crtn.o]
  collapse obj [/usr/lib/gcc/x86_64-linux-gnu/11/../../../x86_64-linux-gnu/Scrt1.o] ==> [/usr/lib/x86_64-linux-gnu/Scrt1.o]
  collapse obj [/usr/lib/gcc/x86_64-linux-gnu/11/../../../x86_64-linux-gnu/crti.o] ==> [/usr/lib/x86_64-linux-gnu/crti.o]
  collapse obj [/usr/lib/gcc/x86_64-linux-gnu/11/../../../x86_64-linux-gnu/crtn.o] ==> [/usr/lib/x86_64-linux-gnu/crtn.o]
  collapse library dir [/usr/lib/gcc/x86_64-linux-gnu/11] ==> [/usr/lib/gcc/x86_64-linux-gnu/11]
  collapse library dir [/usr/lib/gcc/x86_64-linux-gnu/11/../../../x86_64-linux-gnu] ==> [/usr/lib/x86_64-linux-gnu]
  collapse library dir [/usr/lib/gcc/x86_64-linux-gnu/11/../../../../lib] ==> [/usr/lib]
  collapse library dir [/lib/x86_64-linux-gnu] ==> [/lib/x86_64-linux-gnu]
  collapse library dir [/lib/../lib] ==> [/lib]
  collapse library dir [/usr/lib/x86_64-linux-gnu] ==> [/usr/lib/x86_64-linux-gnu]
  collapse library dir [/usr/lib/../lib] ==> [/usr/lib]
  collapse library dir [/usr/lib/gcc/x86_64-linux-gnu/11/../../..] ==> [/usr/lib]
  implicit libs: [gcc;gcc_s;c;gcc;gcc_s]
  implicit objs: [/usr/lib/x86_64-linux-gnu/Scrt1.o;/usr/lib/x86_64-linux-gnu/crti.o;/usr/lib/gcc/x86_64-linux-gnu/11/crtbeginS.o;/usr/lib/gcc/x86_64-linux-gnu/11/crtendS.o;/usr/lib/x86_64-linux-gnu/crtn.o]
  implicit dirs: [/usr/lib/gcc/x86_64-linux-gnu/11;/usr/lib/x86_64-linux-gnu;/usr/lib;/lib/x86_64-linux-gnu;/lib]
  implicit fwks: []


Performing C SOURCE FILE Test CMAKE_HAVE_LIBC_PTHREAD succeeded with the following output:
Change Dir: /home/captainnothing/OpenROAD/build/CMakeFiles/CMakeTmp

Run Build Command(s):/usr/bin/gmake -f Makefile cmTC_25c96/fast && /usr/bin/gmake  -f CMakeFiles/cmTC_25c96.dir/build.make CMakeFiles/cmTC_25c96.dir/build
gmake[1]: Entering directory '/home/captainnothing/OpenROAD/build/CMakeFiles/CMakeTmp'
Building C object CMakeFiles/cmTC_25c96.dir/src.c.o
/usr/bin/cc -DCMAKE_HAVE_LIBC_PTHREAD   -o CMakeFiles/cmTC_25c96.dir/src.c.o -c /home/captainnothing/OpenROAD/build/CMakeFiles/CMakeTmp/src.c
Linking C executable cmTC_25c96
/usr/local/bin/cmake -E cmake_link_script CMakeFiles/cmTC_25c96.dir/link.txt --verbose=1
/usr/bin/cc CMakeFiles/cmTC_25c96.dir/src.c.o -o cmTC_25c96 
gmake[1]: Leaving directory '/home/captainnothing/OpenROAD/build/CMakeFiles/CMakeTmp'


Source file was:
#include <pthread.h>

static void* test_func(void* data)
{
  return data;
}

int main(void)
{
  pthread_t thread;
  pthread_create(&thread, NULL, test_func, NULL);
  pthread_detach(thread);
  pthread_cancel(thread);
  pthread_join(thread, NULL);
  pthread_atfork(NULL, NULL, NULL);
  pthread_exit(NULL);

  return 0;
}

Performing C SOURCE FILE Test C_COMPILER_SUPPORTS__-Wall succeeded with the following output:
Change Dir: /home/captainnothing/OpenROAD/build/CMakeFiles/CMakeTmp

Run Build Command(s):/usr/bin/gmake -f Makefile cmTC_a8997/fast && /usr/bin/gmake  -f CMakeFiles/cmTC_a8997.dir/build.make CMakeFiles/cmTC_a8997.dir/build
gmake[1]: Entering directory '/home/captainnothing/OpenROAD/build/CMakeFiles/CMakeTmp'
Building C object CMakeFiles/cmTC_a8997.dir/src.c.o
/usr/bin/cc   -DC_COMPILER_SUPPORTS__-Wall -Wall -o CMakeFiles/cmTC_a8997.dir/src.c.o -c /home/captainnothing/OpenROAD/build/CMakeFiles/CMakeTmp/src.c
<command-line>: warning: ISO C99 requires whitespace after the macro name
Linking C executable cmTC_a8997
/usr/local/bin/cmake -E cmake_link_script CMakeFiles/cmTC_a8997.dir/link.txt --verbose=1
/usr/bin/cc CMakeFiles/cmTC_a8997.dir/src.c.o -o cmTC_a8997 
gmake[1]: Leaving directory '/home/captainnothing/OpenROAD/build/CMakeFiles/CMakeTmp'


Source file was:
int main(void) { return 0; }
Performing C++ SOURCE FILE Test CXX_COMPILER_SUPPORTS__-Wall succeeded with the following output:
Change Dir: /home/captainnothing/OpenROAD/build/CMakeFiles/CMakeTmp

Run Build Command(s):/usr/bin/gmake -f Makefile cmTC_4c89d/fast && /usr/bin/gmake  -f CMakeFiles/cmTC_4c89d.dir/build.make CMakeFiles/cmTC_4c89d.dir/build
gmake[1]: Entering directory '/home/captainnothing/OpenROAD/build/CMakeFiles/CMakeTmp'
Building CXX object CMakeFiles/cmTC_4c89d.dir/src.cxx.o
/usr/bin/c++   -DCXX_COMPILER_SUPPORTS__-Wall -Wall -o CMakeFiles/cmTC_4c89d.dir/src.cxx.o -c /home/captainnothing/OpenROAD/build/CMakeFiles/CMakeTmp/src.cxx
<command-line>: warning: ISO C++11 requires whitespace after the macro name
Linking CXX executable cmTC_4c89d
/usr/local/bin/cmake -E cmake_link_script CMakeFiles/cmTC_4c89d.dir/link.txt --verbose=1
/usr/bin/c++ CMakeFiles/cmTC_4c89d.dir/src.cxx.o -o cmTC_4c89d 
gmake[1]: Leaving directory '/home/captainnothing/OpenROAD/build/CMakeFiles/CMakeTmp'


Source file was:
int main() { return 0; }
Performing C SOURCE FILE Test C_COMPILER_SUPPORTS__-Wno-array-bounds succeeded with the following output:
Change Dir: /home/captainnothing/OpenROAD/build/CMakeFiles/CMakeTmp

Run Build Command(s):/usr/bin/gmake -f Makefile cmTC_7dc4c/fast && /usr/bin/gmake  -f CMakeFiles/cmTC_7dc4c.dir/build.make CMakeFiles/cmTC_7dc4c.dir/build
gmake[1]: Entering directory '/home/captainnothing/OpenROAD/build/CMakeFiles/CMakeTmp'
Building C object CMakeFiles/cmTC_7dc4c.dir/src.c.o
/usr/bin/cc   -DC_COMPILER_SUPPORTS__-Wno-array-bounds -Wno-array-bounds -o CMakeFiles/cmTC_7dc4c.dir/src.c.o -c /home/captainnothing/OpenROAD/build/CMakeFiles/CMakeTmp/src.c
<command-line>: warning: ISO C99 requires whitespace after the macro name
Linking C executable cmTC_7dc4c
/usr/local/bin/cmake -E cmake_link_script CMakeFiles/cmTC_7dc4c.dir/link.txt --verbose=1
/usr/bin/cc CMakeFiles/cmTC_7dc4c.dir/src.c.o -o cmTC_7dc4c 
gmake[1]: Leaving directory '/home/captainnothing/OpenROAD/build/CMakeFiles/CMakeTmp'


Source file was:
int main(void) { return 0; }
Performing C++ SOURCE FILE Test CXX_COMPILER_SUPPORTS__-Wno-array-bounds succeeded with the following output:
Change Dir: /home/captainnothing/OpenROAD/build/CMakeFiles/CMakeTmp

Run Build Command(s):/usr/bin/gmake -f Makefile cmTC_c1fb4/fast && /usr/bin/gmake  -f CMakeFiles/cmTC_c1fb4.dir/build.make CMakeFiles/cmTC_c1fb4.dir/build
gmake[1]: Entering directory '/home/captainnothing/OpenROAD/build/CMakeFiles/CMakeTmp'
Building CXX object CMakeFiles/cmTC_c1fb4.dir/src.cxx.o
/usr/bin/c++   -DCXX_COMPILER_SUPPORTS__-Wno-array-bounds -Wno-array-bounds -o CMakeFiles/cmTC_c1fb4.dir/src.cxx.o -c /home/captainnothing/OpenROAD/build/CMakeFiles/CMakeTmp/src.cxx
<command-line>: warning: ISO C++11 requires whitespace after the macro name
Linking CXX executable cmTC_c1fb4
/usr/local/bin/cmake -E cmake_link_script CMakeFiles/cmTC_c1fb4.dir/link.txt --verbose=1
/usr/bin/c++ CMakeFiles/cmTC_c1fb4.dir/src.cxx.o -o cmTC_c1fb4 
gmake[1]: Leaving directory '/home/captainnothing/OpenROAD/build/CMakeFiles/CMakeTmp'


Source file was:
int main() { return 0; }
Performing C SOURCE FILE Test C_COMPILER_SUPPORTS__-Wno-nonnull succeeded with the following output:
Change Dir: /home/captainnothing/OpenROAD/build/CMakeFiles/CMakeTmp

Run Build Command(s):/usr/bin/gmake -f Makefile cmTC_e5703/fast && /usr/bin/gmake  -f CMakeFiles/cmTC_e5703.dir/build.make CMakeFiles/cmTC_e5703.dir/build
gmake[1]: Entering directory '/home/captainnothing/OpenROAD/build/CMakeFiles/CMakeTmp'
Building C object CMakeFiles/cmTC_e5703.dir/src.c.o
/usr/bin/cc   -DC_COMPILER_SUPPORTS__-Wno-nonnull -Wno-nonnull -o CMakeFiles/cmTC_e5703.dir/src.c.o -c /home/captainnothing/OpenROAD/build/CMakeFiles/CMakeTmp/src.c
<command-line>: warning: ISO C99 requires whitespace after the macro name
Linking C executable cmTC_e5703
/usr/local/bin/cmake -E cmake_link_script CMakeFiles/cmTC_e5703.dir/link.txt --verbose=1
/usr/bin/cc CMakeFiles/cmTC_e5703.dir/src.c.o -o cmTC_e5703 
gmake[1]: Leaving directory '/home/captainnothing/OpenROAD/build/CMakeFiles/CMakeTmp'


Source file was:
int main(void) { return 0; }
Performing C++ SOURCE FILE Test CXX_COMPILER_SUPPORTS__-Wno-nonnull succeeded with the following output:
Change Dir: /home/captainnothing/OpenROAD/build/CMakeFiles/CMakeTmp

Run Build Command(s):/usr/bin/gmake -f Makefile cmTC_ab157/fast && /usr/bin/gmake  -f CMakeFiles/cmTC_ab157.dir/build.make CMakeFiles/cmTC_ab157.dir/build
gmake[1]: Entering directory '/home/captainnothing/OpenROAD/build/CMakeFiles/CMakeTmp'
Building CXX object CMakeFiles/cmTC_ab157.dir/src.cxx.o
/usr/bin/c++   -DCXX_COMPILER_SUPPORTS__-Wno-nonnull -Wno-nonnull -o CMakeFiles/cmTC_ab157.dir/src.cxx.o -c /home/captainnothing/OpenROAD/build/CMakeFiles/CMakeTmp/src.cxx
<command-line>: warning: ISO C++11 requires whitespace after the macro name
Linking CXX executable cmTC_ab157
/usr/local/bin/cmake -E cmake_link_script CMakeFiles/cmTC_ab157.dir/link.txt --verbose=1
/usr/bin/c++ CMakeFiles/cmTC_ab157.dir/src.cxx.o -o cmTC_ab157 
gmake[1]: Leaving directory '/home/captainnothing/OpenROAD/build/CMakeFiles/CMakeTmp'


Source file was:
int main() { return 0; }
Performing C SOURCE FILE Test C_COMPILER_SUPPORTS__-Wno-maybe-uninitialized succeeded with the following output:
Change Dir: /home/captainnothing/OpenROAD/build/CMakeFiles/CMakeTmp

Run Build Command(s):/usr/bin/gmake -f Makefile cmTC_4eaaa/fast && /usr/bin/gmake  -f CMakeFiles/cmTC_4eaaa.dir/build.make CMakeFiles/cmTC_4eaaa.dir/build
gmake[1]: Entering directory '/home/captainnothing/OpenROAD/build/CMakeFiles/CMakeTmp'
Building C object CMakeFiles/cmTC_4eaaa.dir/src.c.o
/usr/bin/cc   -DC_COMPILER_SUPPORTS__-Wno-maybe-uninitialized -Wno-maybe-uninitialized -o CMakeFiles/cmTC_4eaaa.dir/src.c.o -c /home/captainnothing/OpenROAD/build/CMakeFiles/CMakeTmp/src.c
<command-line>: warning: ISO C99 requires whitespace after the macro name
Linking C executable cmTC_4eaaa
/usr/local/bin/cmake -E cmake_link_script CMakeFiles/cmTC_4eaaa.dir/link.txt --verbose=1
/usr/bin/cc CMakeFiles/cmTC_4eaaa.dir/src.c.o -o cmTC_4eaaa 
gmake[1]: Leaving directory '/home/captainnothing/OpenROAD/build/CMakeFiles/CMakeTmp'


Source file was:
int main(void) { return 0; }
Performing C++ SOURCE FILE Test CXX_COMPILER_SUPPORTS__-Wno-maybe-uninitialized succeeded with the following output:
Change Dir: /home/captainnothing/OpenROAD/build/CMakeFiles/CMakeTmp

Run Build Command(s):/usr/bin/gmake -f Makefile cmTC_f1315/fast && /usr/bin/gmake  -f CMakeFiles/cmTC_f1315.dir/build.make CMakeFiles/cmTC_f1315.dir/build
gmake[1]: Entering directory '/home/captainnothing/OpenROAD/build/CMakeFiles/CMakeTmp'
Building CXX object CMakeFiles/cmTC_f1315.dir/src.cxx.o
/usr/bin/c++   -DCXX_COMPILER_SUPPORTS__-Wno-maybe-uninitialized -Wno-maybe-uninitialized -o CMakeFiles/cmTC_f1315.dir/src.cxx.o -c /home/captainnothing/OpenROAD/build/CMakeFiles/CMakeTmp/src.cxx
<command-line>: warning: ISO C++11 requires whitespace after the macro name
Linking CXX executable cmTC_f1315
/usr/local/bin/cmake -E cmake_link_script CMakeFiles/cmTC_f1315.dir/link.txt --verbose=1
/usr/bin/c++ CMakeFiles/cmTC_f1315.dir/src.cxx.o -o cmTC_f1315 
gmake[1]: Leaving directory '/home/captainnothing/OpenROAD/build/CMakeFiles/CMakeTmp'


Source file was:
int main() { return 0; }
Performing C SOURCE FILE Test C_COMPILER_SUPPORTS__-Wno-format-overflow succeeded with the following output:
Change Dir: /home/captainnothing/OpenROAD/build/CMakeFiles/CMakeTmp

Run Build Command(s):/usr/bin/gmake -f Makefile cmTC_672f3/fast && /usr/bin/gmake  -f CMakeFiles/cmTC_672f3.dir/build.make CMakeFiles/cmTC_672f3.dir/build
gmake[1]: Entering directory '/home/captainnothing/OpenROAD/build/CMakeFiles/CMakeTmp'
Building C object CMakeFiles/cmTC_672f3.dir/src.c.o
/usr/bin/cc   -DC_COMPILER_SUPPORTS__-Wno-format-overflow -Wno-format-overflow -o CMakeFiles/cmTC_672f3.dir/src.c.o -c /home/captainnothing/OpenROAD/build/CMakeFiles/CMakeTmp/src.c
<command-line>: warning: ISO C99 requires whitespace after the macro name
Linking C executable cmTC_672f3
/usr/local/bin/cmake -E cmake_link_script CMakeFiles/cmTC_672f3.dir/link.txt --verbose=1
/usr/bin/cc CMakeFiles/cmTC_672f3.dir/src.c.o -o cmTC_672f3 
gmake[1]: Leaving directory '/home/captainnothing/OpenROAD/build/CMakeFiles/CMakeTmp'


Source file was:
int main(void) { return 0; }
Performing C++ SOURCE FILE Test CXX_COMPILER_SUPPORTS__-Wno-format-overflow succeeded with the following output:
Change Dir: /home/captainnothing/OpenROAD/build/CMakeFiles/CMakeTmp

Run Build Command(s):/usr/bin/gmake -f Makefile cmTC_484dd/fast && /usr/bin/gmake  -f CMakeFiles/cmTC_484dd.dir/build.make CMakeFiles/cmTC_484dd.dir/build
gmake[1]: Entering directory '/home/captainnothing/OpenROAD/build/CMakeFiles/CMakeTmp'
Building CXX object CMakeFiles/cmTC_484dd.dir/src.cxx.o
/usr/bin/c++   -DCXX_COMPILER_SUPPORTS__-Wno-format-overflow -Wno-format-overflow -o CMakeFiles/cmTC_484dd.dir/src.cxx.o -c /home/captainnothing/OpenROAD/build/CMakeFiles/CMakeTmp/src.cxx
<command-line>: warning: ISO C++11 requires whitespace after the macro name
Linking CXX executable cmTC_484dd
/usr/local/bin/cmake -E cmake_link_script CMakeFiles/cmTC_484dd.dir/link.txt --verbose=1
/usr/bin/c++ CMakeFiles/cmTC_484dd.dir/src.cxx.o -o cmTC_484dd 
gmake[1]: Leaving directory '/home/captainnothing/OpenROAD/build/CMakeFiles/CMakeTmp'


Source file was:
int main() { return 0; }
Performing C SOURCE FILE Test C_COMPILER_SUPPORTS__-Wno-unused-variable succeeded with the following output:
Change Dir: /home/captainnothing/OpenROAD/build/CMakeFiles/CMakeTmp

Run Build Command(s):/usr/bin/gmake -f Makefile cmTC_3e9e4/fast && /usr/bin/gmake  -f CMakeFiles/cmTC_3e9e4.dir/build.make CMakeFiles/cmTC_3e9e4.dir/build
gmake[1]: Entering directory '/home/captainnothing/OpenROAD/build/CMakeFiles/CMakeTmp'
Building C object CMakeFiles/cmTC_3e9e4.dir/src.c.o
/usr/bin/cc   -DC_COMPILER_SUPPORTS__-Wno-unused-variable -Wno-unused-variable -o CMakeFiles/cmTC_3e9e4.dir/src.c.o -c /home/captainnothing/OpenROAD/build/CMakeFiles/CMakeTmp/src.c
<command-line>: warning: ISO C99 requires whitespace after the macro name
Linking C executable cmTC_3e9e4
/usr/local/bin/cmake -E cmake_link_script CMakeFiles/cmTC_3e9e4.dir/link.txt --verbose=1
/usr/bin/cc CMakeFiles/cmTC_3e9e4.dir/src.c.o -o cmTC_3e9e4 
gmake[1]: Leaving directory '/home/captainnothing/OpenROAD/build/CMakeFiles/CMakeTmp'


Source file was:
int main(void) { return 0; }
Performing C++ SOURCE FILE Test CXX_COMPILER_SUPPORTS__-Wno-unused-variable succeeded with the following output:
Change Dir: /home/captainnothing/OpenROAD/build/CMakeFiles/CMakeTmp

Run Build Command(s):/usr/bin/gmake -f Makefile cmTC_1b207/fast && /usr/bin/gmake  -f CMakeFiles/cmTC_1b207.dir/build.make CMakeFiles/cmTC_1b207.dir/build
gmake[1]: Entering directory '/home/captainnothing/OpenROAD/build/CMakeFiles/CMakeTmp'
Building CXX object CMakeFiles/cmTC_1b207.dir/src.cxx.o
/usr/bin/c++   -DCXX_COMPILER_SUPPORTS__-Wno-unused-variable -Wno-unused-variable -o CMakeFiles/cmTC_1b207.dir/src.cxx.o -c /home/captainnothing/OpenROAD/build/CMakeFiles/CMakeTmp/src.cxx
<command-line>: warning: ISO C++11 requires whitespace after the macro name
Linking CXX executable cmTC_1b207
/usr/local/bin/cmake -E cmake_link_script CMakeFiles/cmTC_1b207.dir/link.txt --verbose=1
/usr/bin/c++ CMakeFiles/cmTC_1b207.dir/src.cxx.o -o cmTC_1b207 
gmake[1]: Leaving directory '/home/captainnothing/OpenROAD/build/CMakeFiles/CMakeTmp'


Source file was:
int main() { return 0; }
Performing C SOURCE FILE Test C_COMPILER_SUPPORTS__-Wno-unused-function succeeded with the following output:
Change Dir: /home/captainnothing/OpenROAD/build/CMakeFiles/CMakeTmp

Run Build Command(s):/usr/bin/gmake -f Makefile cmTC_1729d/fast && /usr/bin/gmake  -f CMakeFiles/cmTC_1729d.dir/build.make CMakeFiles/cmTC_1729d.dir/build
gmake[1]: Entering directory '/home/captainnothing/OpenROAD/build/CMakeFiles/CMakeTmp'
Building C object CMakeFiles/cmTC_1729d.dir/src.c.o
/usr/bin/cc   -DC_COMPILER_SUPPORTS__-Wno-unused-function -Wno-unused-function -o CMakeFiles/cmTC_1729d.dir/src.c.o -c /home/captainnothing/OpenROAD/build/CMakeFiles/CMakeTmp/src.c
<command-line>: warning: ISO C99 requires whitespace after the macro name
Linking C executable cmTC_1729d
/usr/local/bin/cmake -E cmake_link_script CMakeFiles/cmTC_1729d.dir/link.txt --verbose=1
/usr/bin/cc CMakeFiles/cmTC_1729d.dir/src.c.o -o cmTC_1729d 
gmake[1]: Leaving directory '/home/captainnothing/OpenROAD/build/CMakeFiles/CMakeTmp'


Source file was:
int main(void) { return 0; }
Performing C++ SOURCE FILE Test CXX_COMPILER_SUPPORTS__-Wno-unused-function succeeded with the following output:
Change Dir: /home/captainnothing/OpenROAD/build/CMakeFiles/CMakeTmp

Run Build Command(s):/usr/bin/gmake -f Makefile cmTC_45c61/fast && /usr/bin/gmake  -f CMakeFiles/cmTC_45c61.dir/build.make CMakeFiles/cmTC_45c61.dir/build
gmake[1]: Entering directory '/home/captainnothing/OpenROAD/build/CMakeFiles/CMakeTmp'
Building CXX object CMakeFiles/cmTC_45c61.dir/src.cxx.o
/usr/bin/c++   -DCXX_COMPILER_SUPPORTS__-Wno-unused-function -Wno-unused-function -o CMakeFiles/cmTC_45c61.dir/src.cxx.o -c /home/captainnothing/OpenROAD/build/CMakeFiles/CMakeTmp/src.cxx
<command-line>: warning: ISO C++11 requires whitespace after the macro name
Linking CXX executable cmTC_45c61
/usr/local/bin/cmake -E cmake_link_script CMakeFiles/cmTC_45c61.dir/link.txt --verbose=1
/usr/bin/c++ CMakeFiles/cmTC_45c61.dir/src.cxx.o -o cmTC_45c61 
gmake[1]: Leaving directory '/home/captainnothing/OpenROAD/build/CMakeFiles/CMakeTmp'


Source file was:
int main() { return 0; }
Performing C SOURCE FILE Test C_COMPILER_SUPPORTS__-Wno-write-strings succeeded with the following output:
Change Dir: /home/captainnothing/OpenROAD/build/CMakeFiles/CMakeTmp

Run Build Command(s):/usr/bin/gmake -f Makefile cmTC_b0fa7/fast && /usr/bin/gmake  -f CMakeFiles/cmTC_b0fa7.dir/build.make CMakeFiles/cmTC_b0fa7.dir/build
gmake[1]: Entering directory '/home/captainnothing/OpenROAD/build/CMakeFiles/CMakeTmp'
Building C object CMakeFiles/cmTC_b0fa7.dir/src.c.o
/usr/bin/cc   -DC_COMPILER_SUPPORTS__-Wno-write-strings -Wno-write-strings -o CMakeFiles/cmTC_b0fa7.dir/src.c.o -c /home/captainnothing/OpenROAD/build/CMakeFiles/CMakeTmp/src.c
<command-line>: warning: ISO C99 requires whitespace after the macro name
Linking C executable cmTC_b0fa7
/usr/local/bin/cmake -E cmake_link_script CMakeFiles/cmTC_b0fa7.dir/link.txt --verbose=1
/usr/bin/cc CMakeFiles/cmTC_b0fa7.dir/src.c.o -o cmTC_b0fa7 
gmake[1]: Leaving directory '/home/captainnothing/OpenROAD/build/CMakeFiles/CMakeTmp'


Source file was:
int main(void) { return 0; }
Performing C++ SOURCE FILE Test CXX_COMPILER_SUPPORTS__-Wno-write-strings succeeded with the following output:
Change Dir: /home/captainnothing/OpenROAD/build/CMakeFiles/CMakeTmp

Run Build Command(s):/usr/bin/gmake -f Makefile cmTC_0f423/fast && /usr/bin/gmake  -f CMakeFiles/cmTC_0f423.dir/build.make CMakeFiles/cmTC_0f423.dir/build
gmake[1]: Entering directory '/home/captainnothing/OpenROAD/build/CMakeFiles/CMakeTmp'
Building CXX object CMakeFiles/cmTC_0f423.dir/src.cxx.o
/usr/bin/c++   -DCXX_COMPILER_SUPPORTS__-Wno-write-strings -Wno-write-strings -o CMakeFiles/cmTC_0f423.dir/src.cxx.o -c /home/captainnothing/OpenROAD/build/CMakeFiles/CMakeTmp/src.cxx
<command-line>: warning: ISO C++11 requires whitespace after the macro name
Linking CXX executable cmTC_0f423
/usr/local/bin/cmake -E cmake_link_script CMakeFiles/cmTC_0f423.dir/link.txt --verbose=1
/usr/bin/c++ CMakeFiles/cmTC_0f423.dir/src.cxx.o -o cmTC_0f423 
gmake[1]: Leaving directory '/home/captainnothing/OpenROAD/build/CMakeFiles/CMakeTmp'


Source file was:
int main() { return 0; }
Performing C SOURCE FILE Test C_COMPILER_SUPPORTS__-Wno-sign-compare succeeded with the following output:
Change Dir: /home/captainnothing/OpenROAD/build/CMakeFiles/CMakeTmp

Run Build Command(s):/usr/bin/gmake -f Makefile cmTC_a5f5d/fast && /usr/bin/gmake  -f CMakeFiles/cmTC_a5f5d.dir/build.make CMakeFiles/cmTC_a5f5d.dir/build
gmake[1]: Entering directory '/home/captainnothing/OpenROAD/build/CMakeFiles/CMakeTmp'
Building C object CMakeFiles/cmTC_a5f5d.dir/src.c.o
/usr/bin/cc   -DC_COMPILER_SUPPORTS__-Wno-sign-compare -Wno-sign-compare -o CMakeFiles/cmTC_a5f5d.dir/src.c.o -c /home/captainnothing/OpenROAD/build/CMakeFiles/CMakeTmp/src.c
<command-line>: warning: ISO C99 requires whitespace after the macro name
Linking C executable cmTC_a5f5d
/usr/local/bin/cmake -E cmake_link_script CMakeFiles/cmTC_a5f5d.dir/link.txt --verbose=1
/usr/bin/cc CMakeFiles/cmTC_a5f5d.dir/src.c.o -o cmTC_a5f5d 
gmake[1]: Leaving directory '/home/captainnothing/OpenROAD/build/CMakeFiles/CMakeTmp'


Source file was:
int main(void) { return 0; }
Performing C++ SOURCE FILE Test CXX_COMPILER_SUPPORTS__-Wno-sign-compare succeeded with the following output:
Change Dir: /home/captainnothing/OpenROAD/build/CMakeFiles/CMakeTmp

Run Build Command(s):/usr/bin/gmake -f Makefile cmTC_a7271/fast && /usr/bin/gmake  -f CMakeFiles/cmTC_a7271.dir/build.make CMakeFiles/cmTC_a7271.dir/build
gmake[1]: Entering directory '/home/captainnothing/OpenROAD/build/CMakeFiles/CMakeTmp'
Building CXX object CMakeFiles/cmTC_a7271.dir/src.cxx.o
/usr/bin/c++   -DCXX_COMPILER_SUPPORTS__-Wno-sign-compare -Wno-sign-compare -o CMakeFiles/cmTC_a7271.dir/src.cxx.o -c /home/captainnothing/OpenROAD/build/CMakeFiles/CMakeTmp/src.cxx
<command-line>: warning: ISO C++11 requires whitespace after the macro name
Linking CXX executable cmTC_a7271
/usr/local/bin/cmake -E cmake_link_script CMakeFiles/cmTC_a7271.dir/link.txt --verbose=1
/usr/bin/c++ CMakeFiles/cmTC_a7271.dir/src.cxx.o -o cmTC_a7271 
gmake[1]: Leaving directory '/home/captainnothing/OpenROAD/build/CMakeFiles/CMakeTmp'


Source file was:
int main() { return 0; }
Performing C SOURCE FILE Test C_COMPILER_SUPPORTS__-Wno-deprecated succeeded with the following output:
Change Dir: /home/captainnothing/OpenROAD/build/CMakeFiles/CMakeTmp

Run Build Command(s):/usr/bin/gmake -f Makefile cmTC_bf800/fast && /usr/bin/gmake  -f CMakeFiles/cmTC_bf800.dir/build.make CMakeFiles/cmTC_bf800.dir/build
gmake[1]: Entering directory '/home/captainnothing/OpenROAD/build/CMakeFiles/CMakeTmp'
Building C object CMakeFiles/cmTC_bf800.dir/src.c.o
/usr/bin/cc   -DC_COMPILER_SUPPORTS__-Wno-deprecated -Wno-deprecated -o CMakeFiles/cmTC_bf800.dir/src.c.o -c /home/captainnothing/OpenROAD/build/CMakeFiles/CMakeTmp/src.c
<command-line>: warning: ISO C99 requires whitespace after the macro name
Linking C executable cmTC_bf800
/usr/local/bin/cmake -E cmake_link_script CMakeFiles/cmTC_bf800.dir/link.txt --verbose=1
/usr/bin/cc CMakeFiles/cmTC_bf800.dir/src.c.o -o cmTC_bf800 
gmake[1]: Leaving directory '/home/captainnothing/OpenROAD/build/CMakeFiles/CMakeTmp'


Source file was:
int main(void) { return 0; }
Performing C++ SOURCE FILE Test CXX_COMPILER_SUPPORTS__-Wno-deprecated succeeded with the following output:
Change Dir: /home/captainnothing/OpenROAD/build/CMakeFiles/CMakeTmp

Run Build Command(s):/usr/bin/gmake -f Makefile cmTC_652c2/fast && /usr/bin/gmake  -f CMakeFiles/cmTC_652c2.dir/build.make CMakeFiles/cmTC_652c2.dir/build
gmake[1]: Entering directory '/home/captainnothing/OpenROAD/build/CMakeFiles/CMakeTmp'
Building CXX object CMakeFiles/cmTC_652c2.dir/src.cxx.o
/usr/bin/c++   -DCXX_COMPILER_SUPPORTS__-Wno-deprecated -Wno-deprecated -o CMakeFiles/cmTC_652c2.dir/src.cxx.o -c /home/captainnothing/OpenROAD/build/CMakeFiles/CMakeTmp/src.cxx
<command-line>: warning: ISO C++11 requires whitespace after the macro name
Linking CXX executable cmTC_652c2
/usr/local/bin/cmake -E cmake_link_script CMakeFiles/cmTC_652c2.dir/link.txt --verbose=1
/usr/bin/c++ CMakeFiles/cmTC_652c2.dir/src.cxx.o -o cmTC_652c2 
gmake[1]: Leaving directory '/home/captainnothing/OpenROAD/build/CMakeFiles/CMakeTmp'


Source file was:
int main() { return 0; }
Performing C++ SOURCE FILE Test CXX_COMPILER_SUPPORTS__-Wno-register succeeded with the following output:
Change Dir: /home/captainnothing/OpenROAD/build/CMakeFiles/CMakeTmp

Run Build Command(s):/usr/bin/gmake -f Makefile cmTC_54139/fast && /usr/bin/gmake  -f CMakeFiles/cmTC_54139.dir/build.make CMakeFiles/cmTC_54139.dir/build
gmake[1]: Entering directory '/home/captainnothing/OpenROAD/build/CMakeFiles/CMakeTmp'
Building CXX object CMakeFiles/cmTC_54139.dir/src.cxx.o
/usr/bin/c++   -DCXX_COMPILER_SUPPORTS__-Wno-register -Wno-register -o CMakeFiles/cmTC_54139.dir/src.cxx.o -c /home/captainnothing/OpenROAD/build/CMakeFiles/CMakeTmp/src.cxx
<command-line>: warning: ISO C++11 requires whitespace after the macro name
Linking CXX executable cmTC_54139
/usr/local/bin/cmake -E cmake_link_script CMakeFiles/cmTC_54139.dir/link.txt --verbose=1
/usr/bin/c++ CMakeFiles/cmTC_54139.dir/src.cxx.o -o cmTC_54139 
gmake[1]: Leaving directory '/home/captainnothing/OpenROAD/build/CMakeFiles/CMakeTmp'


Source file was:
int main() { return 0; }
Performing C SOURCE FILE Test C_COMPILER_SUPPORTS__-Wno-format succeeded with the following output:
Change Dir: /home/captainnothing/OpenROAD/build/CMakeFiles/CMakeTmp

Run Build Command(s):/usr/bin/gmake -f Makefile cmTC_d4b01/fast && /usr/bin/gmake  -f CMakeFiles/cmTC_d4b01.dir/build.make CMakeFiles/cmTC_d4b01.dir/build
gmake[1]: Entering directory '/home/captainnothing/OpenROAD/build/CMakeFiles/CMakeTmp'
Building C object CMakeFiles/cmTC_d4b01.dir/src.c.o
/usr/bin/cc   -DC_COMPILER_SUPPORTS__-Wno-format -Wno-format -o CMakeFiles/cmTC_d4b01.dir/src.c.o -c /home/captainnothing/OpenROAD/build/CMakeFiles/CMakeTmp/src.c
<command-line>: warning: ISO C99 requires whitespace after the macro name
Linking C executable cmTC_d4b01
/usr/local/bin/cmake -E cmake_link_script CMakeFiles/cmTC_d4b01.dir/link.txt --verbose=1
/usr/bin/cc CMakeFiles/cmTC_d4b01.dir/src.c.o -o cmTC_d4b01 
gmake[1]: Leaving directory '/home/captainnothing/OpenROAD/build/CMakeFiles/CMakeTmp'


Source file was:
int main(void) { return 0; }
Performing C++ SOURCE FILE Test CXX_COMPILER_SUPPORTS__-Wno-format succeeded with the following output:
Change Dir: /home/captainnothing/OpenROAD/build/CMakeFiles/CMakeTmp

Run Build Command(s):/usr/bin/gmake -f Makefile cmTC_ac484/fast && /usr/bin/gmake  -f CMakeFiles/cmTC_ac484.dir/build.make CMakeFiles/cmTC_ac484.dir/build
gmake[1]: Entering directory '/home/captainnothing/OpenROAD/build/CMakeFiles/CMakeTmp'
Building CXX object CMakeFiles/cmTC_ac484.dir/src.cxx.o
/usr/bin/c++   -DCXX_COMPILER_SUPPORTS__-Wno-format -Wno-format -o CMakeFiles/cmTC_ac484.dir/src.cxx.o -c /home/captainnothing/OpenROAD/build/CMakeFiles/CMakeTmp/src.cxx
<command-line>: warning: ISO C++11 requires whitespace after the macro name
Linking CXX executable cmTC_ac484
/usr/local/bin/cmake -E cmake_link_script CMakeFiles/cmTC_ac484.dir/link.txt --verbose=1
/usr/bin/c++ CMakeFiles/cmTC_ac484.dir/src.cxx.o -o cmTC_ac484 
gmake[1]: Leaving directory '/home/captainnothing/OpenROAD/build/CMakeFiles/CMakeTmp'


Source file was:
int main() { return 0; }
Performing C++ SOURCE FILE Test CXX_COMPILER_SUPPORTS__-fpermissive succeeded with the following output:
Change Dir: /home/captainnothing/OpenROAD/build/CMakeFiles/CMakeTmp

Run Build Command(s):/usr/bin/gmake -f Makefile cmTC_cabda/fast && /usr/bin/gmake  -f CMakeFiles/cmTC_cabda.dir/build.make CMakeFiles/cmTC_cabda.dir/build
gmake[1]: Entering directory '/home/captainnothing/OpenROAD/build/CMakeFiles/CMakeTmp'
Building CXX object CMakeFiles/cmTC_cabda.dir/src.cxx.o
/usr/bin/c++   -DCXX_COMPILER_SUPPORTS__-fpermissive -fpermissive -o CMakeFiles/cmTC_cabda.dir/src.cxx.o -c /home/captainnothing/OpenROAD/build/CMakeFiles/CMakeTmp/src.cxx
<command-line>: warning: ISO C++11 requires whitespace after the macro name
Linking CXX executable cmTC_cabda
/usr/local/bin/cmake -E cmake_link_script CMakeFiles/cmTC_cabda.dir/link.txt --verbose=1
/usr/bin/c++ CMakeFiles/cmTC_cabda.dir/src.cxx.o -o cmTC_cabda 
gmake[1]: Leaving directory '/home/captainnothing/OpenROAD/build/CMakeFiles/CMakeTmp'


Source file was:
int main() { return 0; }
Performing C++ SOURCE FILE Test CXX_COMPILER_SUPPORTS__-std=c++17 succeeded with the following output:
Change Dir: /home/captainnothing/OpenROAD/build/CMakeFiles/CMakeTmp

Run Build Command(s):/usr/bin/gmake -f Makefile cmTC_f351e/fast && /usr/bin/gmake  -f CMakeFiles/cmTC_f351e.dir/build.make CMakeFiles/cmTC_f351e.dir/build
gmake[1]: Entering directory '/home/captainnothing/OpenROAD/build/CMakeFiles/CMakeTmp'
Building CXX object CMakeFiles/cmTC_f351e.dir/src.cxx.o
/usr/bin/c++   -DCXX_COMPILER_SUPPORTS__-std=c++17 -std=c++17 -o CMakeFiles/cmTC_f351e.dir/src.cxx.o -c /home/captainnothing/OpenROAD/build/CMakeFiles/CMakeTmp/src.cxx
<command-line>: warning: ISO C++11 requires whitespace after the macro name
Linking CXX executable cmTC_f351e
/usr/local/bin/cmake -E cmake_link_script CMakeFiles/cmTC_f351e.dir/link.txt --verbose=1
/usr/bin/c++ CMakeFiles/cmTC_f351e.dir/src.cxx.o -o cmTC_f351e 
gmake[1]: Leaving directory '/home/captainnothing/OpenROAD/build/CMakeFiles/CMakeTmp'


Source file was:
int main() { return 0; }
Performing C SOURCE FILE Test C_COMPILER_SUPPORTS__-Wno-unused-but-set-variable succeeded with the following output:
Change Dir: /home/captainnothing/OpenROAD/build/CMakeFiles/CMakeTmp

Run Build Command(s):/usr/bin/gmake -f Makefile cmTC_a8917/fast && /usr/bin/gmake  -f CMakeFiles/cmTC_a8917.dir/build.make CMakeFiles/cmTC_a8917.dir/build
gmake[1]: Entering directory '/home/captainnothing/OpenROAD/build/CMakeFiles/CMakeTmp'
Building C object CMakeFiles/cmTC_a8917.dir/src.c.o
/usr/bin/cc   -DC_COMPILER_SUPPORTS__-Wno-unused-but-set-variable -Wno-unused-but-set-variable -o CMakeFiles/cmTC_a8917.dir/src.c.o -c /home/captainnothing/OpenROAD/build/CMakeFiles/CMakeTmp/src.c
<command-line>: warning: ISO C99 requires whitespace after the macro name
Linking C executable cmTC_a8917
/usr/local/bin/cmake -E cmake_link_script CMakeFiles/cmTC_a8917.dir/link.txt --verbose=1
/usr/bin/cc CMakeFiles/cmTC_a8917.dir/src.c.o -o cmTC_a8917 
gmake[1]: Leaving directory '/home/captainnothing/OpenROAD/build/CMakeFiles/CMakeTmp'


Source file was:
int main(void) { return 0; }
Performing C++ SOURCE FILE Test CXX_COMPILER_SUPPORTS__-Wno-unused-but-set-variable succeeded with the following output:
Change Dir: /home/captainnothing/OpenROAD/build/CMakeFiles/CMakeTmp

Run Build Command(s):/usr/bin/gmake -f Makefile cmTC_92cd0/fast && /usr/bin/gmake  -f CMakeFiles/cmTC_92cd0.dir/build.make CMakeFiles/cmTC_92cd0.dir/build
gmake[1]: Entering directory '/home/captainnothing/OpenROAD/build/CMakeFiles/CMakeTmp'
Building CXX object CMakeFiles/cmTC_92cd0.dir/src.cxx.o
/usr/bin/c++   -DCXX_COMPILER_SUPPORTS__-Wno-unused-but-set-variable -Wno-unused-but-set-variable -o CMakeFiles/cmTC_92cd0.dir/src.cxx.o -c /home/captainnothing/OpenROAD/build/CMakeFiles/CMakeTmp/src.cxx
<command-line>: warning: ISO C++11 requires whitespace after the macro name
Linking CXX executable cmTC_92cd0
/usr/local/bin/cmake -E cmake_link_script CMakeFiles/cmTC_92cd0.dir/link.txt --verbose=1
/usr/bin/c++ CMakeFiles/cmTC_92cd0.dir/src.cxx.o -o cmTC_92cd0 
gmake[1]: Leaving directory '/home/captainnothing/OpenROAD/build/CMakeFiles/CMakeTmp'


Source file was:
int main() { return 0; }
Detecting CXX OpenMP compiler ABI info compiled with the following output:
Change Dir: /home/captainnothing/OpenROAD/build/CMakeFiles/CMakeTmp

Run Build Command(s):/usr/bin/gmake -f Makefile cmTC_e28b8/fast && /usr/bin/gmake  -f CMakeFiles/cmTC_e28b8.dir/build.make CMakeFiles/cmTC_e28b8.dir/build
gmake[1]: Entering directory '/home/captainnothing/OpenROAD/build/CMakeFiles/CMakeTmp'
Building CXX object CMakeFiles/cmTC_e28b8.dir/OpenMPTryFlag.cpp.o
/usr/bin/c++   -fopenmp -v -std=c++17 -o CMakeFiles/cmTC_e28b8.dir/OpenMPTryFlag.cpp.o -c /home/captainnothing/OpenROAD/build/CMakeFiles/FindOpenMP/OpenMPTryFlag.cpp
Using built-in specs.
COLLECT_GCC=/usr/bin/c++
OFFLOAD_TARGET_NAMES=nvptx-none:amdgcn-amdhsa
OFFLOAD_TARGET_DEFAULT=1
Target: x86_64-linux-gnu
Configured with: ../src/configure -v --with-pkgversion='Ubuntu 11.4.0-1ubuntu1~22.04' --with-bugurl=file:///usr/share/doc/gcc-11/README.Bugs --enable-languages=c,ada,c++,go,brig,d,fortran,objc,obj-c++,m2 --prefix=/usr --with-gcc-major-version-only --program-suffix=-11 --program-prefix=x86_64-linux-gnu- --enable-shared --enable-linker-build-id --libexecdir=/usr/lib --without-included-gettext --enable-threads=posix --libdir=/usr/lib --enable-nls --enable-bootstrap --enable-clocale=gnu --enable-libstdcxx-debug --enable-libstdcxx-time=yes --with-default-libstdcxx-abi=new --enable-gnu-unique-object --disable-vtable-verify --enable-plugin --enable-default-pie --with-system-zlib --enable-libphobos-checking=release --with-target-system-zlib=auto --enable-objc-gc=auto --enable-multiarch --disable-werror --enable-cet --with-arch-32=i686 --with-abi=m64 --with-multilib-list=m32,m64,mx32 --enable-multilib --with-tune=generic --enable-offload-targets=nvptx-none=/build/gcc-11-XeT9lY/gcc-11-11.4.0/debian/tmp-nvptx/usr,amdgcn-amdhsa=/build/gcc-11-XeT9lY/gcc-11-11.4.0/debian/tmp-gcn/usr --without-cuda-driver --enable-checking=release --build=x86_64-linux-gnu --host=x86_64-linux-gnu --target=x86_64-linux-gnu --with-build-config=bootstrap-lto-lean --enable-link-serialization=2
Thread model: posix
Supported LTO compression algorithms: zlib zstd
gcc version 11.4.0 (Ubuntu 11.4.0-1ubuntu1~22.04) 
COLLECT_GCC_OPTIONS='-fopenmp' '-v' '-std=c++17' '-o' 'CMakeFiles/cmTC_e28b8.dir/OpenMPTryFlag.cpp.o' '-c' '-shared-libgcc' '-mtune=generic' '-march=x86-64' '-pthread' '-dumpdir' 'CMakeFiles/cmTC_e28b8.dir/'
 /usr/lib/gcc/x86_64-linux-gnu/11/cc1plus -quiet -v -imultiarch x86_64-linux-gnu -D_GNU_SOURCE -D_REENTRANT /home/captainnothing/OpenROAD/build/CMakeFiles/FindOpenMP/OpenMPTryFlag.cpp -quiet -dumpdir CMakeFiles/cmTC_e28b8.dir/ -dumpbase OpenMPTryFlag.cpp.cpp -dumpbase-ext .cpp -mtune=generic -march=x86-64 -std=c++17 -version -fopenmp -fasynchronous-unwind-tables -fstack-protector-strong -Wformat -Wformat-security -fstack-clash-protection -fcf-protection -o /tmp/ccBcuKMo.s
GNU C++17 (Ubuntu 11.4.0-1ubuntu1~22.04) version 11.4.0 (x86_64-linux-gnu)
	compiled by GNU C version 11.4.0, GMP version 6.2.1, MPFR version 4.1.0, MPC version 1.2.1, isl version isl-0.24-GMP

GGC heuristics: --param ggc-min-expand=100 --param ggc-min-heapsize=131072
ignoring duplicate directory "/usr/include/x86_64-linux-gnu/c++/11"
ignoring nonexistent directory "/usr/local/include/x86_64-linux-gnu"
ignoring nonexistent directory "/usr/lib/gcc/x86_64-linux-gnu/11/include-fixed"
ignoring nonexistent directory "/usr/lib/gcc/x86_64-linux-gnu/11/../../../../x86_64-linux-gnu/include"
#include "..." search starts here:
#include <...> search starts here:
 /usr/include/c++/11
 /usr/include/x86_64-linux-gnu/c++/11
 /usr/include/c++/11/backward
 /usr/lib/gcc/x86_64-linux-gnu/11/include
 /usr/local/include
 /usr/include/x86_64-linux-gnu
 /usr/include
End of search list.
GNU C++17 (Ubuntu 11.4.0-1ubuntu1~22.04) version 11.4.0 (x86_64-linux-gnu)
	compiled by GNU C version 11.4.0, GMP version 6.2.1, MPFR version 4.1.0, MPC version 1.2.1, isl version isl-0.24-GMP

GGC heuristics: --param ggc-min-expand=100 --param ggc-min-heapsize=131072
Compiler executable checksum: d591828bb4d392ae8b7b160e5bb0b95f
COLLECT_GCC_OPTIONS='-fopenmp' '-v' '-std=c++17' '-o' 'CMakeFiles/cmTC_e28b8.dir/OpenMPTryFlag.cpp.o' '-c' '-shared-libgcc' '-mtune=generic' '-march=x86-64' '-pthread' '-dumpdir' 'CMakeFiles/cmTC_e28b8.dir/'
 as -v --64 -o CMakeFiles/cmTC_e28b8.dir/OpenMPTryFlag.cpp.o /tmp/ccBcuKMo.s
GNU assembler version 2.38 (x86_64-linux-gnu) using BFD version (GNU Binutils for Ubuntu) 2.38
COMPILER_PATH=/usr/lib/gcc/x86_64-linux-gnu/11/:/usr/lib/gcc/x86_64-linux-gnu/11/:/usr/lib/gcc/x86_64-linux-gnu/:/usr/lib/gcc/x86_64-linux-gnu/11/:/usr/lib/gcc/x86_64-linux-gnu/
LIBRARY_PATH=/usr/lib/gcc/x86_64-linux-gnu/11/:/usr/lib/gcc/x86_64-linux-gnu/11/../../../x86_64-linux-gnu/:/usr/lib/gcc/x86_64-linux-gnu/11/../../../../lib/:/lib/x86_64-linux-gnu/:/lib/../lib/:/usr/lib/x86_64-linux-gnu/:/usr/lib/../lib/:/usr/lib/gcc/x86_64-linux-gnu/11/../../../:/lib/:/usr/lib/
COLLECT_GCC_OPTIONS='-fopenmp' '-v' '-std=c++17' '-o' 'CMakeFiles/cmTC_e28b8.dir/OpenMPTryFlag.cpp.o' '-c' '-shared-libgcc' '-mtune=generic' '-march=x86-64' '-pthread' '-dumpdir' 'CMakeFiles/cmTC_e28b8.dir/OpenMPTryFlag.cpp.'
Linking CXX executable cmTC_e28b8
/usr/local/bin/cmake -E cmake_link_script CMakeFiles/cmTC_e28b8.dir/link.txt --verbose=1
/usr/bin/c++  -fopenmp -v CMakeFiles/cmTC_e28b8.dir/OpenMPTryFlag.cpp.o -o cmTC_e28b8  -v 
Using built-in specs.
COLLECT_GCC=/usr/bin/c++
COLLECT_LTO_WRAPPER=/usr/lib/gcc/x86_64-linux-gnu/11/lto-wrapper
OFFLOAD_TARGET_NAMES=nvptx-none:amdgcn-amdhsa
OFFLOAD_TARGET_DEFAULT=1
Target: x86_64-linux-gnu
Configured with: ../src/configure -v --with-pkgversion='Ubuntu 11.4.0-1ubuntu1~22.04' --with-bugurl=file:///usr/share/doc/gcc-11/README.Bugs --enable-languages=c,ada,c++,go,brig,d,fortran,objc,obj-c++,m2 --prefix=/usr --with-gcc-major-version-only --program-suffix=-11 --program-prefix=x86_64-linux-gnu- --enable-shared --enable-linker-build-id --libexecdir=/usr/lib --without-included-gettext --enable-threads=posix --libdir=/usr/lib --enable-nls --enable-bootstrap --enable-clocale=gnu --enable-libstdcxx-debug --enable-libstdcxx-time=yes --with-default-libstdcxx-abi=new --enable-gnu-unique-object --disable-vtable-verify --enable-plugin --enable-default-pie --with-system-zlib --enable-libphobos-checking=release --with-target-system-zlib=auto --enable-objc-gc=auto --enable-multiarch --disable-werror --enable-cet --with-arch-32=i686 --with-abi=m64 --with-multilib-list=m32,m64,mx32 --enable-multilib --with-tune=generic --enable-offload-targets=nvptx-none=/build/gcc-11-XeT9lY/gcc-11-11.4.0/debian/tmp-nvptx/usr,amdgcn-amdhsa=/build/gcc-11-XeT9lY/gcc-11-11.4.0/debian/tmp-gcn/usr --without-cuda-driver --enable-checking=release --build=x86_64-linux-gnu --host=x86_64-linux-gnu --target=x86_64-linux-gnu --with-build-config=bootstrap-lto-lean --enable-link-serialization=2
Thread model: posix
Supported LTO compression algorithms: zlib zstd
gcc version 11.4.0 (Ubuntu 11.4.0-1ubuntu1~22.04) 
COMPILER_PATH=/usr/lib/gcc/x86_64-linux-gnu/11/:/usr/lib/gcc/x86_64-linux-gnu/11/:/usr/lib/gcc/x86_64-linux-gnu/:/usr/lib/gcc/x86_64-linux-gnu/11/:/usr/lib/gcc/x86_64-linux-gnu/
LIBRARY_PATH=/usr/lib/gcc/x86_64-linux-gnu/11/:/usr/lib/gcc/x86_64-linux-gnu/11/../../../x86_64-linux-gnu/:/usr/lib/gcc/x86_64-linux-gnu/11/../../../../lib/:/lib/x86_64-linux-gnu/:/lib/../lib/:/usr/lib/x86_64-linux-gnu/:/usr/lib/../lib/:/usr/lib/gcc/x86_64-linux-gnu/11/../../../:/lib/:/usr/lib/
Reading specs from /usr/lib/gcc/x86_64-linux-gnu/11/libgomp.spec
COLLECT_GCC_OPTIONS='-fopenmp' '-v' '-o' 'cmTC_e28b8' '-v' '-shared-libgcc' '-mtune=generic' '-march=x86-64' '-pthread' '-dumpdir' 'cmTC_e28b8.'
 /usr/lib/gcc/x86_64-linux-gnu/11/collect2 -plugin /usr/lib/gcc/x86_64-linux-gnu/11/liblto_plugin.so -plugin-opt=/usr/lib/gcc/x86_64-linux-gnu/11/lto-wrapper -plugin-opt=-fresolution=/tmp/cclZCjAH.res -plugin-opt=-pass-through=-lgcc_s -plugin-opt=-pass-through=-lgcc -plugin-opt=-pass-through=-lpthread -plugin-opt=-pass-through=-lc -plugin-opt=-pass-through=-lgcc_s -plugin-opt=-pass-through=-lgcc --build-id --eh-frame-hdr -m elf_x86_64 --hash-style=gnu --as-needed -dynamic-linker /lib64/ld-linux-x86-64.so.2 -pie -z now -z relro -o cmTC_e28b8 /usr/lib/gcc/x86_64-linux-gnu/11/../../../x86_64-linux-gnu/Scrt1.o /usr/lib/gcc/x86_64-linux-gnu/11/../../../x86_64-linux-gnu/crti.o /usr/lib/gcc/x86_64-linux-gnu/11/crtbeginS.o /usr/lib/gcc/x86_64-linux-gnu/11/crtoffloadbegin.o -L/usr/lib/gcc/x86_64-linux-gnu/11 -L/usr/lib/gcc/x86_64-linux-gnu/11/../../../x86_64-linux-gnu -L/usr/lib/gcc/x86_64-linux-gnu/11/../../../../lib -L/lib/x86_64-linux-gnu -L/lib/../lib -L/usr/lib/x86_64-linux-gnu -L/usr/lib/../lib -L/usr/lib/gcc/x86_64-linux-gnu/11/../../.. CMakeFiles/cmTC_e28b8.dir/OpenMPTryFlag.cpp.o -lstdc++ -lm -lgomp -lgcc_s -lgcc -lpthread -lc -lgcc_s -lgcc /usr/lib/gcc/x86_64-linux-gnu/11/crtendS.o /usr/lib/gcc/x86_64-linux-gnu/11/../../../x86_64-linux-gnu/crtn.o /usr/lib/gcc/x86_64-linux-gnu/11/crtoffloadend.o
COLLECT_GCC_OPTIONS='-fopenmp' '-v' '-o' 'cmTC_e28b8' '-v' '-shared-libgcc' '-mtune=generic' '-march=x86-64' '-pthread' '-dumpdir' 'cmTC_e28b8.'
gmake[1]: Leaving directory '/home/captainnothing/OpenROAD/build/CMakeFiles/CMakeTmp'



Parsed CXX OpenMP implicit link information from above output:
  link line regex: [^( *|.*[/\])(ld|CMAKE_LINK_STARTFILE-NOTFOUND|([^/\]+-)?ld|collect2)[^/\]*( |$)]
  ignore line: [Change Dir: /home/captainnothing/OpenROAD/build/CMakeFiles/CMakeTmp]
  ignore line: []
  ignore line: [Run Build Command(s):/usr/bin/gmake -f Makefile cmTC_e28b8/fast && /usr/bin/gmake  -f CMakeFiles/cmTC_e28b8.dir/build.make CMakeFiles/cmTC_e28b8.dir/build]
  ignore line: [gmake[1]: Entering directory '/home/captainnothing/OpenROAD/build/CMakeFiles/CMakeTmp']
  ignore line: [Building CXX object CMakeFiles/cmTC_e28b8.dir/OpenMPTryFlag.cpp.o]
  ignore line: [/usr/bin/c++   -fopenmp -v -std=c++17 -o CMakeFiles/cmTC_e28b8.dir/OpenMPTryFlag.cpp.o -c /home/captainnothing/OpenROAD/build/CMakeFiles/FindOpenMP/OpenMPTryFlag.cpp]
  ignore line: [Using built-in specs.]
  ignore line: [COLLECT_GCC=/usr/bin/c++]
  ignore line: [OFFLOAD_TARGET_NAMES=nvptx-none:amdgcn-amdhsa]
  ignore line: [OFFLOAD_TARGET_DEFAULT=1]
  ignore line: [Target: x86_64-linux-gnu]
  ignore line: [Configured with: ../src/configure -v --with-pkgversion='Ubuntu 11.4.0-1ubuntu1~22.04' --with-bugurl=file:///usr/share/doc/gcc-11/README.Bugs --enable-languages=c ada c++ go brig d fortran objc obj-c++ m2 --prefix=/usr --with-gcc-major-version-only --program-suffix=-11 --program-prefix=x86_64-linux-gnu- --enable-shared --enable-linker-build-id --libexecdir=/usr/lib --without-included-gettext --enable-threads=posix --libdir=/usr/lib --enable-nls --enable-bootstrap --enable-clocale=gnu --enable-libstdcxx-debug --enable-libstdcxx-time=yes --with-default-libstdcxx-abi=new --enable-gnu-unique-object --disable-vtable-verify --enable-plugin --enable-default-pie --with-system-zlib --enable-libphobos-checking=release --with-target-system-zlib=auto --enable-objc-gc=auto --enable-multiarch --disable-werror --enable-cet --with-arch-32=i686 --with-abi=m64 --with-multilib-list=m32 m64 mx32 --enable-multilib --with-tune=generic --enable-offload-targets=nvptx-none=/build/gcc-11-XeT9lY/gcc-11-11.4.0/debian/tmp-nvptx/usr amdgcn-amdhsa=/build/gcc-11-XeT9lY/gcc-11-11.4.0/debian/tmp-gcn/usr --without-cuda-driver --enable-checking=release --build=x86_64-linux-gnu --host=x86_64-linux-gnu --target=x86_64-linux-gnu --with-build-config=bootstrap-lto-lean --enable-link-serialization=2]
  ignore line: [Thread model: posix]
  ignore line: [Supported LTO compression algorithms: zlib zstd]
  ignore line: [gcc version 11.4.0 (Ubuntu 11.4.0-1ubuntu1~22.04) ]
  ignore line: [COLLECT_GCC_OPTIONS='-fopenmp' '-v' '-std=c++17' '-o' 'CMakeFiles/cmTC_e28b8.dir/OpenMPTryFlag.cpp.o' '-c' '-shared-libgcc' '-mtune=generic' '-march=x86-64' '-pthread' '-dumpdir' 'CMakeFiles/cmTC_e28b8.dir/']
  ignore line: [ /usr/lib/gcc/x86_64-linux-gnu/11/cc1plus -quiet -v -imultiarch x86_64-linux-gnu -D_GNU_SOURCE -D_REENTRANT /home/captainnothing/OpenROAD/build/CMakeFiles/FindOpenMP/OpenMPTryFlag.cpp -quiet -dumpdir CMakeFiles/cmTC_e28b8.dir/ -dumpbase OpenMPTryFlag.cpp.cpp -dumpbase-ext .cpp -mtune=generic -march=x86-64 -std=c++17 -version -fopenmp -fasynchronous-unwind-tables -fstack-protector-strong -Wformat -Wformat-security -fstack-clash-protection -fcf-protection -o /tmp/ccBcuKMo.s]
  ignore line: [GNU C++17 (Ubuntu 11.4.0-1ubuntu1~22.04) version 11.4.0 (x86_64-linux-gnu)]
  ignore line: [	compiled by GNU C version 11.4.0  GMP version 6.2.1  MPFR version 4.1.0  MPC version 1.2.1  isl version isl-0.24-GMP]
  ignore line: []
  ignore line: [GGC heuristics: --param ggc-min-expand=100 --param ggc-min-heapsize=131072]
  ignore line: [ignoring duplicate directory "/usr/include/x86_64-linux-gnu/c++/11"]
  ignore line: [ignoring nonexistent directory "/usr/local/include/x86_64-linux-gnu"]
  ignore line: [ignoring nonexistent directory "/usr/lib/gcc/x86_64-linux-gnu/11/include-fixed"]
  ignore line: [ignoring nonexistent directory "/usr/lib/gcc/x86_64-linux-gnu/11/../../../../x86_64-linux-gnu/include"]
  ignore line: [#include "..." search starts here:]
  ignore line: [#include <...> search starts here:]
  ignore line: [ /usr/include/c++/11]
  ignore line: [ /usr/include/x86_64-linux-gnu/c++/11]
  ignore line: [ /usr/include/c++/11/backward]
  ignore line: [ /usr/lib/gcc/x86_64-linux-gnu/11/include]
  ignore line: [ /usr/local/include]
  ignore line: [ /usr/include/x86_64-linux-gnu]
  ignore line: [ /usr/include]
  ignore line: [End of search list.]
  ignore line: [GNU C++17 (Ubuntu 11.4.0-1ubuntu1~22.04) version 11.4.0 (x86_64-linux-gnu)]
  ignore line: [	compiled by GNU C version 11.4.0  GMP version 6.2.1  MPFR version 4.1.0  MPC version 1.2.1  isl version isl-0.24-GMP]
  ignore line: []
  ignore line: [GGC heuristics: --param ggc-min-expand=100 --param ggc-min-heapsize=131072]
  ignore line: [Compiler executable checksum: d591828bb4d392ae8b7b160e5bb0b95f]
  ignore line: [COLLECT_GCC_OPTIONS='-fopenmp' '-v' '-std=c++17' '-o' 'CMakeFiles/cmTC_e28b8.dir/OpenMPTryFlag.cpp.o' '-c' '-shared-libgcc' '-mtune=generic' '-march=x86-64' '-pthread' '-dumpdir' 'CMakeFiles/cmTC_e28b8.dir/']
  ignore line: [ as -v --64 -o CMakeFiles/cmTC_e28b8.dir/OpenMPTryFlag.cpp.o /tmp/ccBcuKMo.s]
  ignore line: [GNU assembler version 2.38 (x86_64-linux-gnu) using BFD version (GNU Binutils for Ubuntu) 2.38]
  ignore line: [COMPILER_PATH=/usr/lib/gcc/x86_64-linux-gnu/11/:/usr/lib/gcc/x86_64-linux-gnu/11/:/usr/lib/gcc/x86_64-linux-gnu/:/usr/lib/gcc/x86_64-linux-gnu/11/:/usr/lib/gcc/x86_64-linux-gnu/]
  ignore line: [LIBRARY_PATH=/usr/lib/gcc/x86_64-linux-gnu/11/:/usr/lib/gcc/x86_64-linux-gnu/11/../../../x86_64-linux-gnu/:/usr/lib/gcc/x86_64-linux-gnu/11/../../../../lib/:/lib/x86_64-linux-gnu/:/lib/../lib/:/usr/lib/x86_64-linux-gnu/:/usr/lib/../lib/:/usr/lib/gcc/x86_64-linux-gnu/11/../../../:/lib/:/usr/lib/]
  ignore line: [COLLECT_GCC_OPTIONS='-fopenmp' '-v' '-std=c++17' '-o' 'CMakeFiles/cmTC_e28b8.dir/OpenMPTryFlag.cpp.o' '-c' '-shared-libgcc' '-mtune=generic' '-march=x86-64' '-pthread' '-dumpdir' 'CMakeFiles/cmTC_e28b8.dir/OpenMPTryFlag.cpp.']
  ignore line: [Linking CXX executable cmTC_e28b8]
  ignore line: [/usr/local/bin/cmake -E cmake_link_script CMakeFiles/cmTC_e28b8.dir/link.txt --verbose=1]
  ignore line: [/usr/bin/c++  -fopenmp -v CMakeFiles/cmTC_e28b8.dir/OpenMPTryFlag.cpp.o -o cmTC_e28b8  -v ]
  ignore line: [Using built-in specs.]
  ignore line: [COLLECT_GCC=/usr/bin/c++]
  ignore line: [COLLECT_LTO_WRAPPER=/usr/lib/gcc/x86_64-linux-gnu/11/lto-wrapper]
  ignore line: [OFFLOAD_TARGET_NAMES=nvptx-none:amdgcn-amdhsa]
  ignore line: [OFFLOAD_TARGET_DEFAULT=1]
  ignore line: [Target: x86_64-linux-gnu]
  ignore line: [Configured with: ../src/configure -v --with-pkgversion='Ubuntu 11.4.0-1ubuntu1~22.04' --with-bugurl=file:///usr/share/doc/gcc-11/README.Bugs --enable-languages=c ada c++ go brig d fortran objc obj-c++ m2 --prefix=/usr --with-gcc-major-version-only --program-suffix=-11 --program-prefix=x86_64-linux-gnu- --enable-shared --enable-linker-build-id --libexecdir=/usr/lib --without-included-gettext --enable-threads=posix --libdir=/usr/lib --enable-nls --enable-bootstrap --enable-clocale=gnu --enable-libstdcxx-debug --enable-libstdcxx-time=yes --with-default-libstdcxx-abi=new --enable-gnu-unique-object --disable-vtable-verify --enable-plugin --enable-default-pie --with-system-zlib --enable-libphobos-checking=release --with-target-system-zlib=auto --enable-objc-gc=auto --enable-multiarch --disable-werror --enable-cet --with-arch-32=i686 --with-abi=m64 --with-multilib-list=m32 m64 mx32 --enable-multilib --with-tune=generic --enable-offload-targets=nvptx-none=/build/gcc-11-XeT9lY/gcc-11-11.4.0/debian/tmp-nvptx/usr amdgcn-amdhsa=/build/gcc-11-XeT9lY/gcc-11-11.4.0/debian/tmp-gcn/usr --without-cuda-driver --enable-checking=release --build=x86_64-linux-gnu --host=x86_64-linux-gnu --target=x86_64-linux-gnu --with-build-config=bootstrap-lto-lean --enable-link-serialization=2]
  ignore line: [Thread model: posix]
  ignore line: [Supported LTO compression algorithms: zlib zstd]
  ignore line: [gcc version 11.4.0 (Ubuntu 11.4.0-1ubuntu1~22.04) ]
  ignore line: [COMPILER_PATH=/usr/lib/gcc/x86_64-linux-gnu/11/:/usr/lib/gcc/x86_64-linux-gnu/11/:/usr/lib/gcc/x86_64-linux-gnu/:/usr/lib/gcc/x86_64-linux-gnu/11/:/usr/lib/gcc/x86_64-linux-gnu/]
  ignore line: [LIBRARY_PATH=/usr/lib/gcc/x86_64-linux-gnu/11/:/usr/lib/gcc/x86_64-linux-gnu/11/../../../x86_64-linux-gnu/:/usr/lib/gcc/x86_64-linux-gnu/11/../../../../lib/:/lib/x86_64-linux-gnu/:/lib/../lib/:/usr/lib/x86_64-linux-gnu/:/usr/lib/../lib/:/usr/lib/gcc/x86_64-linux-gnu/11/../../../:/lib/:/usr/lib/]
  ignore line: [Reading specs from /usr/lib/gcc/x86_64-linux-gnu/11/libgomp.spec]
  ignore line: [COLLECT_GCC_OPTIONS='-fopenmp' '-v' '-o' 'cmTC_e28b8' '-v' '-shared-libgcc' '-mtune=generic' '-march=x86-64' '-pthread' '-dumpdir' 'cmTC_e28b8.']
  link line: [ /usr/lib/gcc/x86_64-linux-gnu/11/collect2 -plugin /usr/lib/gcc/x86_64-linux-gnu/11/liblto_plugin.so -plugin-opt=/usr/lib/gcc/x86_64-linux-gnu/11/lto-wrapper -plugin-opt=-fresolution=/tmp/cclZCjAH.res -plugin-opt=-pass-through=-lgcc_s -plugin-opt=-pass-through=-lgcc -plugin-opt=-pass-through=-lpthread -plugin-opt=-pass-through=-lc -plugin-opt=-pass-through=-lgcc_s -plugin-opt=-pass-through=-lgcc --build-id --eh-frame-hdr -m elf_x86_64 --hash-style=gnu --as-needed -dynamic-linker /lib64/ld-linux-x86-64.so.2 -pie -z now -z relro -o cmTC_e28b8 /usr/lib/gcc/x86_64-linux-gnu/11/../../../x86_64-linux-gnu/Scrt1.o /usr/lib/gcc/x86_64-linux-gnu/11/../../../x86_64-linux-gnu/crti.o /usr/lib/gcc/x86_64-linux-gnu/11/crtbeginS.o /usr/lib/gcc/x86_64-linux-gnu/11/crtoffloadbegin.o -L/usr/lib/gcc/x86_64-linux-gnu/11 -L/usr/lib/gcc/x86_64-linux-gnu/11/../../../x86_64-linux-gnu -L/usr/lib/gcc/x86_64-linux-gnu/11/../../../../lib -L/lib/x86_64-linux-gnu -L/lib/../lib -L/usr/lib/x86_64-linux-gnu -L/usr/lib/../lib -L/usr/lib/gcc/x86_64-linux-gnu/11/../../.. CMakeFiles/cmTC_e28b8.dir/OpenMPTryFlag.cpp.o -lstdc++ -lm -lgomp -lgcc_s -lgcc -lpthread -lc -lgcc_s -lgcc /usr/lib/gcc/x86_64-linux-gnu/11/crtendS.o /usr/lib/gcc/x86_64-linux-gnu/11/../../../x86_64-linux-gnu/crtn.o /usr/lib/gcc/x86_64-linux-gnu/11/crtoffloadend.o]
    arg [/usr/lib/gcc/x86_64-linux-gnu/11/collect2] ==> ignore
    arg [-plugin] ==> ignore
    arg [/usr/lib/gcc/x86_64-linux-gnu/11/liblto_plugin.so] ==> ignore
    arg [-plugin-opt=/usr/lib/gcc/x86_64-linux-gnu/11/lto-wrapper] ==> ignore
    arg [-plugin-opt=-fresolution=/tmp/cclZCjAH.res] ==> ignore
    arg [-plugin-opt=-pass-through=-lgcc_s] ==> ignore
    arg [-plugin-opt=-pass-through=-lgcc] ==> ignore
    arg [-plugin-opt=-pass-through=-lpthread] ==> ignore
    arg [-plugin-opt=-pass-through=-lc] ==> ignore
    arg [-plugin-opt=-pass-through=-lgcc_s] ==> ignore
    arg [-plugin-opt=-pass-through=-lgcc] ==> ignore
    arg [--build-id] ==> ignore
    arg [--eh-frame-hdr] ==> ignore
    arg [-m] ==> ignore
    arg [elf_x86_64] ==> ignore
    arg [--hash-style=gnu] ==> ignore
    arg [--as-needed] ==> ignore
    arg [-dynamic-linker] ==> ignore
    arg [/lib64/ld-linux-x86-64.so.2] ==> ignore
    arg [-pie] ==> ignore
    arg [-znow] ==> ignore
    arg [-zrelro] ==> ignore
    arg [-o] ==> ignore
    arg [cmTC_e28b8] ==> ignore
    arg [-L/usr/lib/gcc/x86_64-linux-gnu/11] ==> dir [/usr/lib/gcc/x86_64-linux-gnu/11]
    arg [-L/usr/lib/gcc/x86_64-linux-gnu/11/../../../x86_64-linux-gnu] ==> dir [/usr/lib/gcc/x86_64-linux-gnu/11/../../../x86_64-linux-gnu]
    arg [-L/usr/lib/gcc/x86_64-linux-gnu/11/../../../../lib] ==> dir [/usr/lib/gcc/x86_64-linux-gnu/11/../../../../lib]
    arg [-L/lib/x86_64-linux-gnu] ==> dir [/lib/x86_64-linux-gnu]
    arg [-L/lib/../lib] ==> dir [/lib/../lib]
    arg [-L/usr/lib/x86_64-linux-gnu] ==> dir [/usr/lib/x86_64-linux-gnu]
    arg [-L/usr/lib/../lib] ==> dir [/usr/lib/../lib]
    arg [-L/usr/lib/gcc/x86_64-linux-gnu/11/../../..] ==> dir [/usr/lib/gcc/x86_64-linux-gnu/11/../../..]
    arg [CMakeFiles/cmTC_e28b8.dir/OpenMPTryFlag.cpp.o] ==> ignore
    arg [-lstdc++] ==> lib [stdc++]
    arg [-lm] ==> lib [m]
    arg [-lgomp] ==> lib [gomp]
    arg [-lgcc_s] ==> lib [gcc_s]
    arg [-lgcc] ==> lib [gcc]
    arg [-lpthread] ==> lib [pthread]
    arg [-lc] ==> lib [c]
    arg [-lgcc_s] ==> lib [gcc_s]
    arg [-lgcc] ==> lib [gcc]
  collapse library dir [/usr/lib/gcc/x86_64-linux-gnu/11] ==> [/usr/lib/gcc/x86_64-linux-gnu/11]
  collapse library dir [/usr/lib/gcc/x86_64-linux-gnu/11/../../../x86_64-linux-gnu] ==> [/usr/lib/x86_64-linux-gnu]
  collapse library dir [/usr/lib/gcc/x86_64-linux-gnu/11/../../../../lib] ==> [/usr/lib]
  collapse library dir [/lib/x86_64-linux-gnu] ==> [/lib/x86_64-linux-gnu]
  collapse library dir [/lib/../lib] ==> [/lib]
  collapse library dir [/usr/lib/x86_64-linux-gnu] ==> [/usr/lib/x86_64-linux-gnu]
  collapse library dir [/usr/lib/../lib] ==> [/usr/lib]
  collapse library dir [/usr/lib/gcc/x86_64-linux-gnu/11/../../..] ==> [/usr/lib]
  implicit libs: [stdc++;m;gomp;gcc_s;gcc;pthread;c;gcc_s;gcc]
  implicit objs: []
  implicit dirs: [/usr/lib/gcc/x86_64-linux-gnu/11;/usr/lib/x86_64-linux-gnu;/usr/lib;/lib/x86_64-linux-gnu;/lib]
  implicit fwks: []


Detecting C OpenMP compiler ABI info compiled with the following output:
Change Dir: /home/captainnothing/OpenROAD/build/CMakeFiles/CMakeTmp

Run Build Command(s):/usr/bin/gmake -f Makefile cmTC_fa14d/fast && /usr/bin/gmake  -f CMakeFiles/cmTC_fa14d.dir/build.make CMakeFiles/cmTC_fa14d.dir/build
gmake[1]: Entering directory '/home/captainnothing/OpenROAD/build/CMakeFiles/CMakeTmp'
Building C object CMakeFiles/cmTC_fa14d.dir/OpenMPTryFlag.c.o
/usr/bin/cc   -fopenmp -v -o CMakeFiles/cmTC_fa14d.dir/OpenMPTryFlag.c.o -c /home/captainnothing/OpenROAD/build/CMakeFiles/FindOpenMP/OpenMPTryFlag.c
Using built-in specs.
COLLECT_GCC=/usr/bin/cc
OFFLOAD_TARGET_NAMES=nvptx-none:amdgcn-amdhsa
OFFLOAD_TARGET_DEFAULT=1
Target: x86_64-linux-gnu
Configured with: ../src/configure -v --with-pkgversion='Ubuntu 11.4.0-1ubuntu1~22.04' --with-bugurl=file:///usr/share/doc/gcc-11/README.Bugs --enable-languages=c,ada,c++,go,brig,d,fortran,objc,obj-c++,m2 --prefix=/usr --with-gcc-major-version-only --program-suffix=-11 --program-prefix=x86_64-linux-gnu- --enable-shared --enable-linker-build-id --libexecdir=/usr/lib --without-included-gettext --enable-threads=posix --libdir=/usr/lib --enable-nls --enable-bootstrap --enable-clocale=gnu --enable-libstdcxx-debug --enable-libstdcxx-time=yes --with-default-libstdcxx-abi=new --enable-gnu-unique-object --disable-vtable-verify --enable-plugin --enable-default-pie --with-system-zlib --enable-libphobos-checking=release --with-target-system-zlib=auto --enable-objc-gc=auto --enable-multiarch --disable-werror --enable-cet --with-arch-32=i686 --with-abi=m64 --with-multilib-list=m32,m64,mx32 --enable-multilib --with-tune=generic --enable-offload-targets=nvptx-none=/build/gcc-11-XeT9lY/gcc-11-11.4.0/debian/tmp-nvptx/usr,amdgcn-amdhsa=/build/gcc-11-XeT9lY/gcc-11-11.4.0/debian/tmp-gcn/usr --without-cuda-driver --enable-checking=release --build=x86_64-linux-gnu --host=x86_64-linux-gnu --target=x86_64-linux-gnu --with-build-config=bootstrap-lto-lean --enable-link-serialization=2
Thread model: posix
Supported LTO compression algorithms: zlib zstd
gcc version 11.4.0 (Ubuntu 11.4.0-1ubuntu1~22.04) 
COLLECT_GCC_OPTIONS='-fopenmp' '-v' '-o' 'CMakeFiles/cmTC_fa14d.dir/OpenMPTryFlag.c.o' '-c' '-mtune=generic' '-march=x86-64' '-pthread' '-dumpdir' 'CMakeFiles/cmTC_fa14d.dir/'
 /usr/lib/gcc/x86_64-linux-gnu/11/cc1 -quiet -v -imultiarch x86_64-linux-gnu -D_REENTRANT /home/captainnothing/OpenROAD/build/CMakeFiles/FindOpenMP/OpenMPTryFlag.c -quiet -dumpdir CMakeFiles/cmTC_fa14d.dir/ -dumpbase OpenMPTryFlag.c.c -dumpbase-ext .c -mtune=generic -march=x86-64 -version -fopenmp -fasynchronous-unwind-tables -fstack-protector-strong -Wformat -Wformat-security -fstack-clash-protection -fcf-protection -o /tmp/ccNLqthS.s
GNU C17 (Ubuntu 11.4.0-1ubuntu1~22.04) version 11.4.0 (x86_64-linux-gnu)
	compiled by GNU C version 11.4.0, GMP version 6.2.1, MPFR version 4.1.0, MPC version 1.2.1, isl version isl-0.24-GMP

GGC heuristics: --param ggc-min-expand=100 --param ggc-min-heapsize=131072
ignoring nonexistent directory "/usr/local/include/x86_64-linux-gnu"
ignoring nonexistent directory "/usr/lib/gcc/x86_64-linux-gnu/11/include-fixed"
ignoring nonexistent directory "/usr/lib/gcc/x86_64-linux-gnu/11/../../../../x86_64-linux-gnu/include"
#include "..." search starts here:
#include <...> search starts here:
 /usr/lib/gcc/x86_64-linux-gnu/11/include
 /usr/local/include
 /usr/include/x86_64-linux-gnu
 /usr/include
End of search list.
GNU C17 (Ubuntu 11.4.0-1ubuntu1~22.04) version 11.4.0 (x86_64-linux-gnu)
	compiled by GNU C version 11.4.0, GMP version 6.2.1, MPFR version 4.1.0, MPC version 1.2.1, isl version isl-0.24-GMP

GGC heuristics: --param ggc-min-expand=100 --param ggc-min-heapsize=131072
Compiler executable checksum: 50eaa2331df977b8016186198deb2d18
COLLECT_GCC_OPTIONS='-fopenmp' '-v' '-o' 'CMakeFiles/cmTC_fa14d.dir/OpenMPTryFlag.c.o' '-c' '-mtune=generic' '-march=x86-64' '-pthread' '-dumpdir' 'CMakeFiles/cmTC_fa14d.dir/'
 as -v --64 -o CMakeFiles/cmTC_fa14d.dir/OpenMPTryFlag.c.o /tmp/ccNLqthS.s
GNU assembler version 2.38 (x86_64-linux-gnu) using BFD version (GNU Binutils for Ubuntu) 2.38
COMPILER_PATH=/usr/lib/gcc/x86_64-linux-gnu/11/:/usr/lib/gcc/x86_64-linux-gnu/11/:/usr/lib/gcc/x86_64-linux-gnu/:/usr/lib/gcc/x86_64-linux-gnu/11/:/usr/lib/gcc/x86_64-linux-gnu/
LIBRARY_PATH=/usr/lib/gcc/x86_64-linux-gnu/11/:/usr/lib/gcc/x86_64-linux-gnu/11/../../../x86_64-linux-gnu/:/usr/lib/gcc/x86_64-linux-gnu/11/../../../../lib/:/lib/x86_64-linux-gnu/:/lib/../lib/:/usr/lib/x86_64-linux-gnu/:/usr/lib/../lib/:/usr/lib/gcc/x86_64-linux-gnu/11/../../../:/lib/:/usr/lib/
COLLECT_GCC_OPTIONS='-fopenmp' '-v' '-o' 'CMakeFiles/cmTC_fa14d.dir/OpenMPTryFlag.c.o' '-c' '-mtune=generic' '-march=x86-64' '-pthread' '-dumpdir' 'CMakeFiles/cmTC_fa14d.dir/OpenMPTryFlag.c.'
Linking C executable cmTC_fa14d
/usr/local/bin/cmake -E cmake_link_script CMakeFiles/cmTC_fa14d.dir/link.txt --verbose=1
/usr/bin/cc  -fopenmp -v CMakeFiles/cmTC_fa14d.dir/OpenMPTryFlag.c.o -o cmTC_fa14d  -v 
Using built-in specs.
COLLECT_GCC=/usr/bin/cc
COLLECT_LTO_WRAPPER=/usr/lib/gcc/x86_64-linux-gnu/11/lto-wrapper
OFFLOAD_TARGET_NAMES=nvptx-none:amdgcn-amdhsa
OFFLOAD_TARGET_DEFAULT=1
Target: x86_64-linux-gnu
Configured with: ../src/configure -v --with-pkgversion='Ubuntu 11.4.0-1ubuntu1~22.04' --with-bugurl=file:///usr/share/doc/gcc-11/README.Bugs --enable-languages=c,ada,c++,go,brig,d,fortran,objc,obj-c++,m2 --prefix=/usr --with-gcc-major-version-only --program-suffix=-11 --program-prefix=x86_64-linux-gnu- --enable-shared --enable-linker-build-id --libexecdir=/usr/lib --without-included-gettext --enable-threads=posix --libdir=/usr/lib --enable-nls --enable-bootstrap --enable-clocale=gnu --enable-libstdcxx-debug --enable-libstdcxx-time=yes --with-default-libstdcxx-abi=new --enable-gnu-unique-object --disable-vtable-verify --enable-plugin --enable-default-pie --with-system-zlib --enable-libphobos-checking=release --with-target-system-zlib=auto --enable-objc-gc=auto --enable-multiarch --disable-werror --enable-cet --with-arch-32=i686 --with-abi=m64 --with-multilib-list=m32,m64,mx32 --enable-multilib --with-tune=generic --enable-offload-targets=nvptx-none=/build/gcc-11-XeT9lY/gcc-11-11.4.0/debian/tmp-nvptx/usr,amdgcn-amdhsa=/build/gcc-11-XeT9lY/gcc-11-11.4.0/debian/tmp-gcn/usr --without-cuda-driver --enable-checking=release --build=x86_64-linux-gnu --host=x86_64-linux-gnu --target=x86_64-linux-gnu --with-build-config=bootstrap-lto-lean --enable-link-serialization=2
Thread model: posix
Supported LTO compression algorithms: zlib zstd
gcc version 11.4.0 (Ubuntu 11.4.0-1ubuntu1~22.04) 
COMPILER_PATH=/usr/lib/gcc/x86_64-linux-gnu/11/:/usr/lib/gcc/x86_64-linux-gnu/11/:/usr/lib/gcc/x86_64-linux-gnu/:/usr/lib/gcc/x86_64-linux-gnu/11/:/usr/lib/gcc/x86_64-linux-gnu/
LIBRARY_PATH=/usr/lib/gcc/x86_64-linux-gnu/11/:/usr/lib/gcc/x86_64-linux-gnu/11/../../../x86_64-linux-gnu/:/usr/lib/gcc/x86_64-linux-gnu/11/../../../../lib/:/lib/x86_64-linux-gnu/:/lib/../lib/:/usr/lib/x86_64-linux-gnu/:/usr/lib/../lib/:/usr/lib/gcc/x86_64-linux-gnu/11/../../../:/lib/:/usr/lib/
Reading specs from /usr/lib/gcc/x86_64-linux-gnu/11/libgomp.spec
COLLECT_GCC_OPTIONS='-fopenmp' '-v' '-o' 'cmTC_fa14d' '-v' '-mtune=generic' '-march=x86-64' '-pthread' '-dumpdir' 'cmTC_fa14d.'
 /usr/lib/gcc/x86_64-linux-gnu/11/collect2 -plugin /usr/lib/gcc/x86_64-linux-gnu/11/liblto_plugin.so -plugin-opt=/usr/lib/gcc/x86_64-linux-gnu/11/lto-wrapper -plugin-opt=-fresolution=/tmp/ccbEZmp9.res -plugin-opt=-pass-through=-lgcc -plugin-opt=-pass-through=-lgcc_s -plugin-opt=-pass-through=-lpthread -plugin-opt=-pass-through=-lc -plugin-opt=-pass-through=-lgcc -plugin-opt=-pass-through=-lgcc_s --build-id --eh-frame-hdr -m elf_x86_64 --hash-style=gnu --as-needed -dynamic-linker /lib64/ld-linux-x86-64.so.2 -pie -z now -z relro -o cmTC_fa14d /usr/lib/gcc/x86_64-linux-gnu/11/../../../x86_64-linux-gnu/Scrt1.o /usr/lib/gcc/x86_64-linux-gnu/11/../../../x86_64-linux-gnu/crti.o /usr/lib/gcc/x86_64-linux-gnu/11/crtbeginS.o /usr/lib/gcc/x86_64-linux-gnu/11/crtoffloadbegin.o -L/usr/lib/gcc/x86_64-linux-gnu/11 -L/usr/lib/gcc/x86_64-linux-gnu/11/../../../x86_64-linux-gnu -L/usr/lib/gcc/x86_64-linux-gnu/11/../../../../lib -L/lib/x86_64-linux-gnu -L/lib/../lib -L/usr/lib/x86_64-linux-gnu -L/usr/lib/../lib -L/usr/lib/gcc/x86_64-linux-gnu/11/../../.. CMakeFiles/cmTC_fa14d.dir/OpenMPTryFlag.c.o -lgomp -lgcc --push-state --as-needed -lgcc_s --pop-state -lpthread -lc -lgcc --push-state --as-needed -lgcc_s --pop-state /usr/lib/gcc/x86_64-linux-gnu/11/crtendS.o /usr/lib/gcc/x86_64-linux-gnu/11/../../../x86_64-linux-gnu/crtn.o /usr/lib/gcc/x86_64-linux-gnu/11/crtoffloadend.o
COLLECT_GCC_OPTIONS='-fopenmp' '-v' '-o' 'cmTC_fa14d' '-v' '-mtune=generic' '-march=x86-64' '-pthread' '-dumpdir' 'cmTC_fa14d.'
gmake[1]: Leaving directory '/home/captainnothing/OpenROAD/build/CMakeFiles/CMakeTmp'



Parsed C OpenMP implicit link information from above output:
  link line regex: [^( *|.*[/\])(ld|CMAKE_LINK_STARTFILE-NOTFOUND|([^/\]+-)?ld|collect2)[^/\]*( |$)]
  ignore line: [Change Dir: /home/captainnothing/OpenROAD/build/CMakeFiles/CMakeTmp]
  ignore line: []
  ignore line: [Run Build Command(s):/usr/bin/gmake -f Makefile cmTC_fa14d/fast && /usr/bin/gmake  -f CMakeFiles/cmTC_fa14d.dir/build.make CMakeFiles/cmTC_fa14d.dir/build]
  ignore line: [gmake[1]: Entering directory '/home/captainnothing/OpenROAD/build/CMakeFiles/CMakeTmp']
  ignore line: [Building C object CMakeFiles/cmTC_fa14d.dir/OpenMPTryFlag.c.o]
  ignore line: [/usr/bin/cc   -fopenmp -v -o CMakeFiles/cmTC_fa14d.dir/OpenMPTryFlag.c.o -c /home/captainnothing/OpenROAD/build/CMakeFiles/FindOpenMP/OpenMPTryFlag.c]
  ignore line: [Using built-in specs.]
  ignore line: [COLLECT_GCC=/usr/bin/cc]
  ignore line: [OFFLOAD_TARGET_NAMES=nvptx-none:amdgcn-amdhsa]
  ignore line: [OFFLOAD_TARGET_DEFAULT=1]
  ignore line: [Target: x86_64-linux-gnu]
  ignore line: [Configured with: ../src/configure -v --with-pkgversion='Ubuntu 11.4.0-1ubuntu1~22.04' --with-bugurl=file:///usr/share/doc/gcc-11/README.Bugs --enable-languages=c ada c++ go brig d fortran objc obj-c++ m2 --prefix=/usr --with-gcc-major-version-only --program-suffix=-11 --program-prefix=x86_64-linux-gnu- --enable-shared --enable-linker-build-id --libexecdir=/usr/lib --without-included-gettext --enable-threads=posix --libdir=/usr/lib --enable-nls --enable-bootstrap --enable-clocale=gnu --enable-libstdcxx-debug --enable-libstdcxx-time=yes --with-default-libstdcxx-abi=new --enable-gnu-unique-object --disable-vtable-verify --enable-plugin --enable-default-pie --with-system-zlib --enable-libphobos-checking=release --with-target-system-zlib=auto --enable-objc-gc=auto --enable-multiarch --disable-werror --enable-cet --with-arch-32=i686 --with-abi=m64 --with-multilib-list=m32 m64 mx32 --enable-multilib --with-tune=generic --enable-offload-targets=nvptx-none=/build/gcc-11-XeT9lY/gcc-11-11.4.0/debian/tmp-nvptx/usr amdgcn-amdhsa=/build/gcc-11-XeT9lY/gcc-11-11.4.0/debian/tmp-gcn/usr --without-cuda-driver --enable-checking=release --build=x86_64-linux-gnu --host=x86_64-linux-gnu --target=x86_64-linux-gnu --with-build-config=bootstrap-lto-lean --enable-link-serialization=2]
  ignore line: [Thread model: posix]
  ignore line: [Supported LTO compression algorithms: zlib zstd]
  ignore line: [gcc version 11.4.0 (Ubuntu 11.4.0-1ubuntu1~22.04) ]
  ignore line: [COLLECT_GCC_OPTIONS='-fopenmp' '-v' '-o' 'CMakeFiles/cmTC_fa14d.dir/OpenMPTryFlag.c.o' '-c' '-mtune=generic' '-march=x86-64' '-pthread' '-dumpdir' 'CMakeFiles/cmTC_fa14d.dir/']
  ignore line: [ /usr/lib/gcc/x86_64-linux-gnu/11/cc1 -quiet -v -imultiarch x86_64-linux-gnu -D_REENTRANT /home/captainnothing/OpenROAD/build/CMakeFiles/FindOpenMP/OpenMPTryFlag.c -quiet -dumpdir CMakeFiles/cmTC_fa14d.dir/ -dumpbase OpenMPTryFlag.c.c -dumpbase-ext .c -mtune=generic -march=x86-64 -version -fopenmp -fasynchronous-unwind-tables -fstack-protector-strong -Wformat -Wformat-security -fstack-clash-protection -fcf-protection -o /tmp/ccNLqthS.s]
  ignore line: [GNU C17 (Ubuntu 11.4.0-1ubuntu1~22.04) version 11.4.0 (x86_64-linux-gnu)]
  ignore line: [	compiled by GNU C version 11.4.0  GMP version 6.2.1  MPFR version 4.1.0  MPC version 1.2.1  isl version isl-0.24-GMP]
  ignore line: []
  ignore line: [GGC heuristics: --param ggc-min-expand=100 --param ggc-min-heapsize=131072]
  ignore line: [ignoring nonexistent directory "/usr/local/include/x86_64-linux-gnu"]
  ignore line: [ignoring nonexistent directory "/usr/lib/gcc/x86_64-linux-gnu/11/include-fixed"]
  ignore line: [ignoring nonexistent directory "/usr/lib/gcc/x86_64-linux-gnu/11/../../../../x86_64-linux-gnu/include"]
  ignore line: [#include "..." search starts here:]
  ignore line: [#include <...> search starts here:]
  ignore line: [ /usr/lib/gcc/x86_64-linux-gnu/11/include]
  ignore line: [ /usr/local/include]
  ignore line: [ /usr/include/x86_64-linux-gnu]
  ignore line: [ /usr/include]
  ignore line: [End of search list.]
  ignore line: [GNU C17 (Ubuntu 11.4.0-1ubuntu1~22.04) version 11.4.0 (x86_64-linux-gnu)]
  ignore line: [	compiled by GNU C version 11.4.0  GMP version 6.2.1  MPFR version 4.1.0  MPC version 1.2.1  isl version isl-0.24-GMP]
  ignore line: []
  ignore line: [GGC heuristics: --param ggc-min-expand=100 --param ggc-min-heapsize=131072]
  ignore line: [Compiler executable checksum: 50eaa2331df977b8016186198deb2d18]
  ignore line: [COLLECT_GCC_OPTIONS='-fopenmp' '-v' '-o' 'CMakeFiles/cmTC_fa14d.dir/OpenMPTryFlag.c.o' '-c' '-mtune=generic' '-march=x86-64' '-pthread' '-dumpdir' 'CMakeFiles/cmTC_fa14d.dir/']
  ignore line: [ as -v --64 -o CMakeFiles/cmTC_fa14d.dir/OpenMPTryFlag.c.o /tmp/ccNLqthS.s]
  ignore line: [GNU assembler version 2.38 (x86_64-linux-gnu) using BFD version (GNU Binutils for Ubuntu) 2.38]
  ignore line: [COMPILER_PATH=/usr/lib/gcc/x86_64-linux-gnu/11/:/usr/lib/gcc/x86_64-linux-gnu/11/:/usr/lib/gcc/x86_64-linux-gnu/:/usr/lib/gcc/x86_64-linux-gnu/11/:/usr/lib/gcc/x86_64-linux-gnu/]
  ignore line: [LIBRARY_PATH=/usr/lib/gcc/x86_64-linux-gnu/11/:/usr/lib/gcc/x86_64-linux-gnu/11/../../../x86_64-linux-gnu/:/usr/lib/gcc/x86_64-linux-gnu/11/../../../../lib/:/lib/x86_64-linux-gnu/:/lib/../lib/:/usr/lib/x86_64-linux-gnu/:/usr/lib/../lib/:/usr/lib/gcc/x86_64-linux-gnu/11/../../../:/lib/:/usr/lib/]
  ignore line: [COLLECT_GCC_OPTIONS='-fopenmp' '-v' '-o' 'CMakeFiles/cmTC_fa14d.dir/OpenMPTryFlag.c.o' '-c' '-mtune=generic' '-march=x86-64' '-pthread' '-dumpdir' 'CMakeFiles/cmTC_fa14d.dir/OpenMPTryFlag.c.']
  ignore line: [Linking C executable cmTC_fa14d]
  ignore line: [/usr/local/bin/cmake -E cmake_link_script CMakeFiles/cmTC_fa14d.dir/link.txt --verbose=1]
  ignore line: [/usr/bin/cc  -fopenmp -v CMakeFiles/cmTC_fa14d.dir/OpenMPTryFlag.c.o -o cmTC_fa14d  -v ]
  ignore line: [Using built-in specs.]
  ignore line: [COLLECT_GCC=/usr/bin/cc]
  ignore line: [COLLECT_LTO_WRAPPER=/usr/lib/gcc/x86_64-linux-gnu/11/lto-wrapper]
  ignore line: [OFFLOAD_TARGET_NAMES=nvptx-none:amdgcn-amdhsa]
  ignore line: [OFFLOAD_TARGET_DEFAULT=1]
  ignore line: [Target: x86_64-linux-gnu]
  ignore line: [Configured with: ../src/configure -v --with-pkgversion='Ubuntu 11.4.0-1ubuntu1~22.04' --with-bugurl=file:///usr/share/doc/gcc-11/README.Bugs --enable-languages=c ada c++ go brig d fortran objc obj-c++ m2 --prefix=/usr --with-gcc-major-version-only --program-suffix=-11 --program-prefix=x86_64-linux-gnu- --enable-shared --enable-linker-build-id --libexecdir=/usr/lib --without-included-gettext --enable-threads=posix --libdir=/usr/lib --enable-nls --enable-bootstrap --enable-clocale=gnu --enable-libstdcxx-debug --enable-libstdcxx-time=yes --with-default-libstdcxx-abi=new --enable-gnu-unique-object --disable-vtable-verify --enable-plugin --enable-default-pie --with-system-zlib --enable-libphobos-checking=release --with-target-system-zlib=auto --enable-objc-gc=auto --enable-multiarch --disable-werror --enable-cet --with-arch-32=i686 --with-abi=m64 --with-multilib-list=m32 m64 mx32 --enable-multilib --with-tune=generic --enable-offload-targets=nvptx-none=/build/gcc-11-XeT9lY/gcc-11-11.4.0/debian/tmp-nvptx/usr amdgcn-amdhsa=/build/gcc-11-XeT9lY/gcc-11-11.4.0/debian/tmp-gcn/usr --without-cuda-driver --enable-checking=release --build=x86_64-linux-gnu --host=x86_64-linux-gnu --target=x86_64-linux-gnu --with-build-config=bootstrap-lto-lean --enable-link-serialization=2]
  ignore line: [Thread model: posix]
  ignore line: [Supported LTO compression algorithms: zlib zstd]
  ignore line: [gcc version 11.4.0 (Ubuntu 11.4.0-1ubuntu1~22.04) ]
  ignore line: [COMPILER_PATH=/usr/lib/gcc/x86_64-linux-gnu/11/:/usr/lib/gcc/x86_64-linux-gnu/11/:/usr/lib/gcc/x86_64-linux-gnu/:/usr/lib/gcc/x86_64-linux-gnu/11/:/usr/lib/gcc/x86_64-linux-gnu/]
  ignore line: [LIBRARY_PATH=/usr/lib/gcc/x86_64-linux-gnu/11/:/usr/lib/gcc/x86_64-linux-gnu/11/../../../x86_64-linux-gnu/:/usr/lib/gcc/x86_64-linux-gnu/11/../../../../lib/:/lib/x86_64-linux-gnu/:/lib/../lib/:/usr/lib/x86_64-linux-gnu/:/usr/lib/../lib/:/usr/lib/gcc/x86_64-linux-gnu/11/../../../:/lib/:/usr/lib/]
  ignore line: [Reading specs from /usr/lib/gcc/x86_64-linux-gnu/11/libgomp.spec]
  ignore line: [COLLECT_GCC_OPTIONS='-fopenmp' '-v' '-o' 'cmTC_fa14d' '-v' '-mtune=generic' '-march=x86-64' '-pthread' '-dumpdir' 'cmTC_fa14d.']
  link line: [ /usr/lib/gcc/x86_64-linux-gnu/11/collect2 -plugin /usr/lib/gcc/x86_64-linux-gnu/11/liblto_plugin.so -plugin-opt=/usr/lib/gcc/x86_64-linux-gnu/11/lto-wrapper -plugin-opt=-fresolution=/tmp/ccbEZmp9.res -plugin-opt=-pass-through=-lgcc -plugin-opt=-pass-through=-lgcc_s -plugin-opt=-pass-through=-lpthread -plugin-opt=-pass-through=-lc -plugin-opt=-pass-through=-lgcc -plugin-opt=-pass-through=-lgcc_s --build-id --eh-frame-hdr -m elf_x86_64 --hash-style=gnu --as-needed -dynamic-linker /lib64/ld-linux-x86-64.so.2 -pie -z now -z relro -o cmTC_fa14d /usr/lib/gcc/x86_64-linux-gnu/11/../../../x86_64-linux-gnu/Scrt1.o /usr/lib/gcc/x86_64-linux-gnu/11/../../../x86_64-linux-gnu/crti.o /usr/lib/gcc/x86_64-linux-gnu/11/crtbeginS.o /usr/lib/gcc/x86_64-linux-gnu/11/crtoffloadbegin.o -L/usr/lib/gcc/x86_64-linux-gnu/11 -L/usr/lib/gcc/x86_64-linux-gnu/11/../../../x86_64-linux-gnu -L/usr/lib/gcc/x86_64-linux-gnu/11/../../../../lib -L/lib/x86_64-linux-gnu -L/lib/../lib -L/usr/lib/x86_64-linux-gnu -L/usr/lib/../lib -L/usr/lib/gcc/x86_64-linux-gnu/11/../../.. CMakeFiles/cmTC_fa14d.dir/OpenMPTryFlag.c.o -lgomp -lgcc --push-state --as-needed -lgcc_s --pop-state -lpthread -lc -lgcc --push-state --as-needed -lgcc_s --pop-state /usr/lib/gcc/x86_64-linux-gnu/11/crtendS.o /usr/lib/gcc/x86_64-linux-gnu/11/../../../x86_64-linux-gnu/crtn.o /usr/lib/gcc/x86_64-linux-gnu/11/crtoffloadend.o]
    arg [/usr/lib/gcc/x86_64-linux-gnu/11/collect2] ==> ignore
    arg [-plugin] ==> ignore
    arg [/usr/lib/gcc/x86_64-linux-gnu/11/liblto_plugin.so] ==> ignore
    arg [-plugin-opt=/usr/lib/gcc/x86_64-linux-gnu/11/lto-wrapper] ==> ignore
    arg [-plugin-opt=-fresolution=/tmp/ccbEZmp9.res] ==> ignore
    arg [-plugin-opt=-pass-through=-lgcc] ==> ignore
    arg [-plugin-opt=-pass-through=-lgcc_s] ==> ignore
    arg [-plugin-opt=-pass-through=-lpthread] ==> ignore
    arg [-plugin-opt=-pass-through=-lc] ==> ignore
    arg [-plugin-opt=-pass-through=-lgcc] ==> ignore
    arg [-plugin-opt=-pass-through=-lgcc_s] ==> ignore
    arg [--build-id] ==> ignore
    arg [--eh-frame-hdr] ==> ignore
    arg [-m] ==> ignore
    arg [elf_x86_64] ==> ignore
    arg [--hash-style=gnu] ==> ignore
    arg [--as-needed] ==> ignore
    arg [-dynamic-linker] ==> ignore
    arg [/lib64/ld-linux-x86-64.so.2] ==> ignore
    arg [-pie] ==> ignore
    arg [-znow] ==> ignore
    arg [-zrelro] ==> ignore
    arg [-o] ==> ignore
    arg [cmTC_fa14d] ==> ignore
    arg [-L/usr/lib/gcc/x86_64-linux-gnu/11] ==> dir [/usr/lib/gcc/x86_64-linux-gnu/11]
    arg [-L/usr/lib/gcc/x86_64-linux-gnu/11/../../../x86_64-linux-gnu] ==> dir [/usr/lib/gcc/x86_64-linux-gnu/11/../../../x86_64-linux-gnu]
    arg [-L/usr/lib/gcc/x86_64-linux-gnu/11/../../../../lib] ==> dir [/usr/lib/gcc/x86_64-linux-gnu/11/../../../../lib]
    arg [-L/lib/x86_64-linux-gnu] ==> dir [/lib/x86_64-linux-gnu]
    arg [-L/lib/../lib] ==> dir [/lib/../lib]
    arg [-L/usr/lib/x86_64-linux-gnu] ==> dir [/usr/lib/x86_64-linux-gnu]
    arg [-L/usr/lib/../lib] ==> dir [/usr/lib/../lib]
    arg [-L/usr/lib/gcc/x86_64-linux-gnu/11/../../..] ==> dir [/usr/lib/gcc/x86_64-linux-gnu/11/../../..]
    arg [CMakeFiles/cmTC_fa14d.dir/OpenMPTryFlag.c.o] ==> ignore
    arg [-lgomp] ==> lib [gomp]
    arg [-lgcc] ==> lib [gcc]
    arg [--push-state] ==> ignore
    arg [--as-needed] ==> ignore
    arg [-lgcc_s] ==> lib [gcc_s]
    arg [--pop-state] ==> ignore
    arg [-lpthread] ==> lib [pthread]
    arg [-lc] ==> lib [c]
    arg [-lgcc] ==> lib [gcc]
    arg [--push-state] ==> ignore
    arg [--as-needed] ==> ignore
    arg [-lgcc_s] ==> lib [gcc_s]
    arg [--pop-state] ==> ignore
  collapse library dir [/usr/lib/gcc/x86_64-linux-gnu/11] ==> [/usr/lib/gcc/x86_64-linux-gnu/11]
  collapse library dir [/usr/lib/gcc/x86_64-linux-gnu/11/../../../x86_64-linux-gnu] ==> [/usr/lib/x86_64-linux-gnu]
  collapse library dir [/usr/lib/gcc/x86_64-linux-gnu/11/../../../../lib] ==> [/usr/lib]
  collapse library dir [/lib/x86_64-linux-gnu] ==> [/lib/x86_64-linux-gnu]
  collapse library dir [/lib/../lib] ==> [/lib]
  collapse library dir [/usr/lib/x86_64-linux-gnu] ==> [/usr/lib/x86_64-linux-gnu]
  collapse library dir [/usr/lib/../lib] ==> [/usr/lib]
  collapse library dir [/usr/lib/gcc/x86_64-linux-gnu/11/../../..] ==> [/usr/lib]
  implicit libs: [gomp;gcc;gcc_s;pthread;c;gcc;gcc_s]
  implicit objs: []
  implicit dirs: [/usr/lib/gcc/x86_64-linux-gnu/11;/usr/lib/x86_64-linux-gnu;/usr/lib;/lib/x86_64-linux-gnu;/lib]
  implicit fwks: []


Performing C++ SOURCE FILE Test CXX_COMPILER_SUPPORTS__-std=c++17 succeeded with the following output:
Change Dir: /home/captainnothing/OpenROAD/build/CMakeFiles/CMakeTmp

Run Build Command(s):/usr/bin/gmake -f Makefile cmTC_90f35/fast && gmake[1]: Entering directory '/home/captainnothing/OpenROAD/build/CMakeFiles/CMakeTmp'
/usr/bin/gmake  -f CMakeFiles/cmTC_90f35.dir/build.make CMakeFiles/cmTC_90f35.dir/build
gmake[2]: Entering directory '/home/captainnothing/OpenROAD/build/CMakeFiles/CMakeTmp'
Building CXX object CMakeFiles/cmTC_90f35.dir/src.cxx.o
/usr/bin/c++   -DCXX_COMPILER_SUPPORTS__-std=c++17 -std=c++17 -o CMakeFiles/cmTC_90f35.dir/src.cxx.o -c /home/captainnothing/OpenROAD/build/CMakeFiles/CMakeTmp/src.cxx
<command-line>: warning: ISO C++11 requires whitespace after the macro name
Linking CXX executable cmTC_90f35
/usr/local/bin/cmake -E cmake_link_script CMakeFiles/cmTC_90f35.dir/link.txt --verbose=1
/usr/bin/c++ CMakeFiles/cmTC_90f35.dir/src.cxx.o -o cmTC_90f35 
gmake[2]: Leaving directory '/home/captainnothing/OpenROAD/build/CMakeFiles/CMakeTmp'
gmake[1]: Leaving directory '/home/captainnothing/OpenROAD/build/CMakeFiles/CMakeTmp'


Source file was:
int main() { return 0; }
Performing C++ SOURCE FILE Test CXX_COMPILER_SUPPORTS__-std=c++17 succeeded with the following output:
Change Dir: /home/captainnothing/OpenROAD/build/CMakeFiles/CMakeTmp

Run Build Command(s):/usr/bin/gmake -f Makefile cmTC_709c4/fast && gmake[1]: Entering directory '/home/captainnothing/OpenROAD/build/CMakeFiles/CMakeTmp'
/usr/bin/gmake  -f CMakeFiles/cmTC_709c4.dir/build.make CMakeFiles/cmTC_709c4.dir/build
gmake[2]: Entering directory '/home/captainnothing/OpenROAD/build/CMakeFiles/CMakeTmp'
Building CXX object CMakeFiles/cmTC_709c4.dir/src.cxx.o
/usr/bin/c++   -DCXX_COMPILER_SUPPORTS__-std=c++17 -std=c++17 -o CMakeFiles/cmTC_709c4.dir/src.cxx.o -c /home/captainnothing/OpenROAD/build/CMakeFiles/CMakeTmp/src.cxx
<command-line>: warning: ISO C++11 requires whitespace after the macro name
Linking CXX executable cmTC_709c4
/usr/local/bin/cmake -E cmake_link_script CMakeFiles/cmTC_709c4.dir/link.txt --verbose=1
/usr/bin/c++ CMakeFiles/cmTC_709c4.dir/src.cxx.o -o cmTC_709c4 
gmake[2]: Leaving directory '/home/captainnothing/OpenROAD/build/CMakeFiles/CMakeTmp'
gmake[1]: Leaving directory '/home/captainnothing/OpenROAD/build/CMakeFiles/CMakeTmp'


Source file was:
int main() { return 0; }
Performing C++ SOURCE FILE Test CXX_COMPILER_SUPPORTS__-std=c++17 succeeded with the following output:
Change Dir: /home/captainnothing/OpenROAD/build/CMakeFiles/CMakeTmp

Run Build Command(s):/usr/bin/gmake -f Makefile cmTC_75632/fast && /usr/bin/gmake  -f CMakeFiles/cmTC_75632.dir/build.make CMakeFiles/cmTC_75632.dir/build
gmake[1]: Entering directory '/home/captainnothing/OpenROAD/build/CMakeFiles/CMakeTmp'
Building CXX object CMakeFiles/cmTC_75632.dir/src.cxx.o
/usr/bin/c++   -DCXX_COMPILER_SUPPORTS__-std=c++17 -std=c++17 -o CMakeFiles/cmTC_75632.dir/src.cxx.o -c /home/captainnothing/OpenROAD/build/CMakeFiles/CMakeTmp/src.cxx
<command-line>: warning: ISO C++11 requires whitespace after the macro name
Linking CXX executable cmTC_75632
/usr/local/bin/cmake -E cmake_link_script CMakeFiles/cmTC_75632.dir/link.txt --verbose=1
/usr/bin/c++ CMakeFiles/cmTC_75632.dir/src.cxx.o -o cmTC_75632 
gmake[1]: Leaving directory '/home/captainnothing/OpenROAD/build/CMakeFiles/CMakeTmp'


Source file was:
int main() { return 0; }
